app,file,line,method,path,sdk_call,openapi_operationId
admin,apps/admin/src/app/(protected)/account/page.tsx,34,GET,/account/me,client.GET,getMyAccountProfile
admin,apps/admin/src/app/(protected)/account/page.tsx,59,PATCH,/account/me,client.PATCH,updateMyAccountProfile
admin,apps/admin/src/app/(protected)/account/page.tsx,83,POST,/account/change-password,client.POST,changeMyAccountPassword
admin,apps/admin/src/app/(protected)/audit/page.tsx,21,GET,/audit-events,client.GET,listAuditEvents
admin,apps/admin/src/app/(protected)/branding/page.tsx,106,GET,/me,client.GET,getMe
admin,apps/admin/src/app/(protected)/branding/page.tsx,106,GET,/tenants,client.GET,listTenants
admin,apps/admin/src/app/(protected)/branding/page.tsx,119,GET,/tenants/{tenantId}/config,client.GET,getTenantConfig
admin,apps/admin/src/app/(protected)/branding/page.tsx,127,PATCH,/tenants/{tenantId}/config,client.PATCH,updateTenantConfig
admin,apps/admin/src/app/(protected)/catalog/import-export/page.tsx,110,POST,/catalog/import/workbook,client.POST,importCatalogWorkbook
admin,apps/admin/src/app/(protected)/catalog/import-export/page.tsx,148,POST,/catalog/export-jobs,client.POST,createExportJob
admin,apps/admin/src/app/(protected)/catalog/page.tsx,16,GET,/catalog/sample-types,client.GET,listSampleTypes
admin,apps/admin/src/app/(protected)/catalog/page.tsx,17,GET,/catalog/parameters,client.GET,listParameters
admin,apps/admin/src/app/(protected)/catalog/page.tsx,18,GET,/catalog/tests,client.GET,listCatalogTests
admin,apps/admin/src/app/(protected)/catalog/page.tsx,19,GET,/catalog/panels,client.GET,listCatalogPanels
admin,apps/admin/src/app/(protected)/catalog/panels/page.tsx,37,GET,/catalog/panels,client.GET,listCatalogPanels
admin,apps/admin/src/app/(protected)/catalog/panels/page.tsx,48,GET,/catalog/panels/{panelId}/tests,client.GET,listPanelTests
admin,apps/admin/src/app/(protected)/catalog/panels/page.tsx,55,GET,/catalog/tests,client.GET,listCatalogTests
admin,apps/admin/src/app/(protected)/catalog/panels/page.tsx,62,GET,/catalog/panels/next-id,client.GET,getNextPanelId
admin,apps/admin/src/app/(protected)/catalog/panels/page.tsx,92,PATCH,/catalog/panels/{id},client.PATCH,
admin,apps/admin/src/app/(protected)/catalog/panels/page.tsx,94,POST,/catalog/panels,client.POST,createCatalogPanel
admin,apps/admin/src/app/(protected)/catalog/panels/page.tsx,104,DELETE,/catalog/panels/{id},client.DELETE,
admin,apps/admin/src/app/(protected)/catalog/panels/page.tsx,125,POST,/catalog/panels/{panelId}/tests,client.POST,addPanelTest
admin,apps/admin/src/app/(protected)/catalog/panels/page.tsx,137,DELETE,/catalog/panels/{panelId}/tests/{testId},client.DELETE,removePanelTest
admin,apps/admin/src/app/(protected)/catalog/parameters/page.tsx,33,GET,/catalog/parameters,client.GET,listParameters
admin,apps/admin/src/app/(protected)/catalog/parameters/page.tsx,44,GET,/catalog/parameters/next-id,client.GET,getNextParameterId
admin,apps/admin/src/app/(protected)/catalog/parameters/page.tsx,83,PUT,/catalog/parameters/{parameterId},client.PUT,updateParameter
admin,apps/admin/src/app/(protected)/catalog/parameters/page.tsx,85,POST,/catalog/parameters,client.POST,createParameter
admin,apps/admin/src/app/(protected)/catalog/parameters/page.tsx,95,DELETE,/catalog/parameters/{parameterId},client.DELETE,deleteParameter
admin,apps/admin/src/app/(protected)/catalog/reference-ranges/page.tsx,77,GET,/catalog/reference-ranges,client.GET,listReferenceRanges
admin,apps/admin/src/app/(protected)/catalog/reference-ranges/page.tsx,87,GET,/catalog/parameters,client.GET,listParameters
admin,apps/admin/src/app/(protected)/catalog/reference-ranges/page.tsx,88,GET,/catalog/tests,client.GET,listCatalogTests
admin,apps/admin/src/app/(protected)/catalog/reference-ranges/page.tsx,102,GET,/catalog/reference-ranges,client.GET,listReferenceRanges
admin,apps/admin/src/app/(protected)/catalog/reference-ranges/page.tsx,179,PUT,/catalog/reference-ranges/{id},client.PUT,updateReferenceRange
admin,apps/admin/src/app/(protected)/catalog/reference-ranges/page.tsx,181,POST,/catalog/reference-ranges,client.POST,createReferenceRange
admin,apps/admin/src/app/(protected)/catalog/reference-ranges/page.tsx,193,DELETE,/catalog/reference-ranges/{id},client.DELETE,deleteReferenceRange
admin,apps/admin/src/app/(protected)/catalog/sample-types/page.tsx,30,GET,/catalog/sample-types,client.GET,listSampleTypes
admin,apps/admin/src/app/(protected)/catalog/sample-types/page.tsx,41,GET,/catalog/sample-types/next-id,client.GET,getNextSampleTypeId
admin,apps/admin/src/app/(protected)/catalog/sample-types/page.tsx,70,PATCH,/catalog/sample-types/{id},client.PATCH,updateSampleType
admin,apps/admin/src/app/(protected)/catalog/sample-types/page.tsx,72,POST,/catalog/sample-types,client.POST,createSampleType
admin,apps/admin/src/app/(protected)/catalog/sample-types/page.tsx,82,DELETE,/catalog/sample-types/{id},client.DELETE,deleteSampleType
admin,apps/admin/src/app/(protected)/catalog/tests/page.tsx,52,GET,/catalog/tests,client.GET,listCatalogTests
admin,apps/admin/src/app/(protected)/catalog/tests/page.tsx,67,GET,/operator/catalog/tests/top,client.GET,operatorCatalogTestsTop
admin,apps/admin/src/app/(protected)/catalog/tests/page.tsx,84,GET,/catalog/tests/{testId}/parameters,client.GET,listTestParameters
admin,apps/admin/src/app/(protected)/catalog/tests/page.tsx,91,GET,/catalog/parameters,client.GET,listParameters
admin,apps/admin/src/app/(protected)/catalog/tests/page.tsx,98,GET,/catalog/tests,client.GET,listCatalogTests
admin,apps/admin/src/app/(protected)/catalog/tests/page.tsx,103,GET,/catalog/tests/{testId}/parameters,client.GET,listTestParameters
admin,apps/admin/src/app/(protected)/catalog/tests/page.tsx,124,GET,/catalog/tests/next-id,client.GET,getNextTestId
admin,apps/admin/src/app/(protected)/catalog/tests/page.tsx,168,PATCH,/catalog/tests/{id},client.PATCH,
admin,apps/admin/src/app/(protected)/catalog/tests/page.tsx,170,POST,/catalog/tests,client.POST,createCatalogTest
admin,apps/admin/src/app/(protected)/catalog/tests/page.tsx,188,DELETE,/catalog/tests/{id},client.DELETE,
admin,apps/admin/src/app/(protected)/catalog/tests/page.tsx,209,POST,/catalog/tests/{testId}/parameters,client.POST,addTestParameter
admin,apps/admin/src/app/(protected)/catalog/tests/page.tsx,221,DELETE,/catalog/tests/{testId}/parameters/{parameterId},client.DELETE,removeTestParameter
admin,apps/admin/src/app/(protected)/catalog/tests/page.tsx,239,PATCH,/catalog/tests/{testId}/parameters/{parameterId},client.PATCH,updateTestParameterMapping
admin,apps/admin/src/app/(protected)/catalog/tests/page.tsx,243,PATCH,/catalog/tests/{testId}/parameters/{parameterId},client.PATCH,updateTestParameterMapping
admin,apps/admin/src/app/(protected)/catalog/tests/page.tsx,274,GET,/operator/catalog/tests/search,client.GET,operatorCatalogTestsSearch
admin,apps/admin/src/app/(protected)/catalog/tests/page.tsx,319,PUT,/admin/catalog/tests/top,client.PUT,adminSetCatalogTopTests
admin,apps/admin/src/app/(protected)/dashboard/page.tsx,66,GET,/health,client.GET,getHealth
admin,apps/admin/src/app/(protected)/dashboard/page.tsx,67,GET,/jobs/failed-count,client.GET,getFailedJobsCount
admin,apps/admin/src/app/(protected)/dashboard/page.tsx,68,GET,/audit-events,client.GET,listAuditEvents
admin,apps/admin/src/app/(protected)/dashboard/page.tsx,69,GET,/patients,client.GET,listPatients
admin,apps/admin/src/app/(protected)/dashboard/page.tsx,70,GET,/encounters,client.GET,listEncounters
admin,apps/admin/src/app/(protected)/dashboard/page.tsx,71,GET,/documents,client.GET,listDocuments
admin,apps/admin/src/app/(protected)/dashboard/page.tsx,72,GET,/jobs,client.GET,listJobs
admin,apps/admin/src/app/(protected)/dashboard/page.tsx,73,GET,/jobs,client.GET,listJobs
admin,apps/admin/src/app/(protected)/dashboard/page.tsx,74,GET,/jobs,client.GET,listJobs
admin,apps/admin/src/app/(protected)/dashboard/page.tsx,75,GET,/jobs/failed,client.GET,listFailedJobs
admin,apps/admin/src/app/(protected)/dashboard/page.tsx,76,GET,/audit-events,client.GET,listAuditEvents
admin,apps/admin/src/app/(protected)/dashboard/page.tsx,77,GET,/tenants,client.GET,listTenants
admin,apps/admin/src/app/(protected)/documents/page.tsx,31,GET,/documents,client.GET,listDocuments
admin,apps/admin/src/app/(protected)/documents/page.tsx,48,POST,/documents/{id}:publish,client.POST,publishDocument
admin,apps/admin/src/app/(protected)/encounters/page.tsx,30,GET,/encounters,client.GET,listEncounters
admin,apps/admin/src/app/(protected)/feature-flags/page.tsx,83,GET,/me,client.GET,getMe
admin,apps/admin/src/app/(protected)/feature-flags/page.tsx,84,GET,/tenants,client.GET,listTenants
admin,apps/admin/src/app/(protected)/feature-flags/page.tsx,85,GET,/feature-flags/definitions,client.GET,getFeatureFlagDefinitions
admin,apps/admin/src/app/(protected)/feature-flags/page.tsx,101,GET,/tenants/{tenantId}/feature-flags,client.GET,getTenantFeatureFlags
admin,apps/admin/src/app/(protected)/feature-flags/page.tsx,117,PUT,/tenants/{tenantId}/feature-flags,client.PUT,setTenantFeatureFlags
admin,apps/admin/src/app/(protected)/feature-flags/page.tsx,138,PUT,/tenants/{tenantId}/feature-flags,client.PUT,setTenantFeatureFlags
admin,apps/admin/src/app/(protected)/jobs/page.tsx,26,GET,/jobs,client.GET,listJobs
admin,apps/admin/src/app/(protected)/jobs/page.tsx,27,GET,/jobs/failed,client.GET,listFailedJobs
admin,apps/admin/src/app/(protected)/jobs/page.tsx,28,GET,/catalog/import-jobs,client.GET,listImportJobs
admin,apps/admin/src/app/(protected)/jobs/page.tsx,29,GET,/catalog/export-jobs,client.GET,listExportJobs
admin,apps/admin/src/app/(protected)/jobs/page.tsx,30,GET,/documents,client.GET,listDocuments
admin,apps/admin/src/app/(protected)/jobs/page.tsx,50,POST,/jobs/${pendingRetry.id}:retry,client.POST,
admin,apps/admin/src/app/(protected)/jobs/page.tsx,52,POST,/documents/{id}:publish,client.POST,publishDocument
admin,apps/admin/src/app/(protected)/opd/doctors/page.tsx,109,GET,/opd/doctors,client.GET,listOpdDoctors
admin,apps/admin/src/app/(protected)/opd/doctors/page.tsx,150,POST,/opd/doctors,client.POST,createOpdDoctor
admin,apps/admin/src/app/(protected)/opd/doctors/page.tsx,191,PATCH,/opd/doctors/{doctorId},client.PATCH,updateOpdDoctor
admin,apps/admin/src/app/(protected)/opd/doctors/page.tsx,228,PATCH,/opd/doctors/{doctorId},client.PATCH,updateOpdDoctor
admin,apps/admin/src/app/(protected)/opd/feature-flags/page.tsx,27,GET,/me,client.GET,getMe
admin,apps/admin/src/app/(protected)/opd/feature-flags/page.tsx,27,GET,/tenants,client.GET,listTenants
admin,apps/admin/src/app/(protected)/opd/feature-flags/page.tsx,42,GET,/tenants/{tenantId}/feature-flags,client.GET,getTenantFeatureFlags
admin,apps/admin/src/app/(protected)/opd/feature-flags/page.tsx,77,PUT,/tenants/{tenantId}/feature-flags,client.PUT,setTenantFeatureFlags
admin,apps/admin/src/app/(protected)/opd/feature-flags/page.tsx,94,PUT,/tenants/{tenantId}/feature-flags,client.PUT,setTenantFeatureFlags
admin,apps/admin/src/app/(protected)/opd/providers/[providerId]/page.tsx,24,GET,/opd/providers/{providerId},client.GET,getOpdProvider
admin,apps/admin/src/app/(protected)/opd/providers/page.tsx,85,GET,/opd/providers,client.GET,listOpdProviders
admin,apps/admin/src/app/(protected)/opd/providers/page.tsx,118,POST,/opd/providers,client.POST,createOpdProvider
admin,apps/admin/src/app/(protected)/opd/providers/page.tsx,150,PATCH,/opd/providers/{providerId},client.PATCH,updateOpdProvider
admin,apps/admin/src/app/(protected)/opd/providers/page.tsx,167,DELETE,/opd/providers/{providerId},client.DELETE,
admin,apps/admin/src/app/(protected)/opd/schedules/page.tsx,104,GET,/opd/providers,client.GET,listOpdProviders
admin,apps/admin/src/app/(protected)/opd/schedules/page.tsx,122,GET,/opd/providers/{providerId}/schedules,client.GET,listOpdProviderSchedules
admin,apps/admin/src/app/(protected)/opd/schedules/page.tsx,153,POST,/opd/providers/{providerId}/schedules,client.POST,createOpdProviderSchedule
admin,apps/admin/src/app/(protected)/opd/schedules/page.tsx,178,PATCH,/opd/providers/{providerId}/schedules/{scheduleId},client.PATCH,updateOpdProviderSchedule
admin,apps/admin/src/app/(protected)/opd/schedules/page.tsx,196,DELETE,/opd/providers/{providerId}/schedules/{scheduleId},client.DELETE,deleteOpdProviderSchedule
admin,apps/admin/src/app/(protected)/ops/backups/new/page.tsx,22,GET,/ops/storage-targets,client.GET,listOpsStorageTargets
admin,apps/admin/src/app/(protected)/ops/backups/new/page.tsx,36,POST,/ops/backups/full:run,client.POST,runFullBackup
admin,apps/admin/src/app/(protected)/ops/backups/page.tsx,50,GET,/ops/runs,client.GET,listOpsRuns
admin,apps/admin/src/app/(protected)/ops/logs/page.tsx,38,GET,/ops/runs,client.GET,listOpsRuns
admin,apps/admin/src/app/(protected)/ops/logs/page.tsx,54,GET,/ops/runs/{id}/logs,client.GET,getOpsRunLogs
admin,apps/admin/src/app/(protected)/ops/logs/page.tsx,74,GET,/ops/runs/{id},client.GET,getOpsRun
admin,apps/admin/src/app/(protected)/ops/logs/page.tsx,75,GET,/ops/runs/{id}/logs,client.GET,getOpsRunLogs
admin,apps/admin/src/app/(protected)/ops/page.tsx,52,GET,/ops/dashboard,client.GET,getOpsDashboard
admin,apps/admin/src/app/(protected)/ops/page.tsx,62,POST,/ops/backups/full:run,client.POST,runFullBackup
admin,apps/admin/src/app/(protected)/ops/page.tsx,74,POST,/ops/healthcheck:run,client.POST,runHealthcheck
admin,apps/admin/src/app/(protected)/ops/restore/page.tsx,46,GET,/ops/runs,client.GET,listOpsRuns
admin,apps/admin/src/app/(protected)/ops/restore/page.tsx,47,GET,/ops/runs,client.GET,listOpsRuns
admin,apps/admin/src/app/(protected)/ops/restore/page.tsx,65,POST,/ops/restores/full:dryRun,client.POST,runRestoreFullDryRun
admin,apps/admin/src/app/(protected)/ops/restore/page.tsx,75,GET,/ops/runs/{id},client.GET,getOpsRun
admin,apps/admin/src/app/(protected)/ops/restore/page.tsx,96,POST,/ops/restores/full:run,client.POST,runRestoreFull
admin,apps/admin/src/app/(protected)/ops/schedules/page.tsx,40,GET,/ops/schedules,client.GET,listOpsSchedules
admin,apps/admin/src/app/(protected)/ops/schedules/page.tsx,41,GET,/ops/storage-targets,client.GET,listOpsStorageTargets
admin,apps/admin/src/app/(protected)/ops/schedules/page.tsx,53,POST,/ops/schedules/{id}:toggle,client.POST,toggleOpsSchedule
admin,apps/admin/src/app/(protected)/ops/schedules/page.tsx,64,POST,/ops/schedules:create,client.POST,createOpsSchedule
admin,apps/admin/src/app/(protected)/ops/storage/page.tsx,53,GET,/ops/storage-targets,client.GET,listOpsStorageTargets
admin,apps/admin/src/app/(protected)/ops/storage/page.tsx,77,POST,/ops/storage-targets:create,client.POST,createOpsStorageTarget
admin,apps/admin/src/app/(protected)/ops/storage/page.tsx,101,POST,/ops/storage-targets/{id}:test,client.POST,testOpsStorageTarget
admin,apps/admin/src/app/(protected)/ops/storage/page.tsx,115,POST,/ops/storage-targets/{id}:toggle,client.POST,toggleOpsStorageTarget
admin,apps/admin/src/app/(protected)/ops/tenants/page.tsx,40,GET,/ops/runs,client.GET,listOpsRuns
admin,apps/admin/src/app/(protected)/ops/tenants/page.tsx,54,POST,/ops/backups/tenant:export,client.POST,runTenantExport
admin,apps/admin/src/app/(protected)/patients/page.tsx,20,GET,/patients,client.GET,listPatients
admin,apps/admin/src/app/(protected)/roles/page.tsx,26,GET,/roles,client.GET,listRoles
admin,apps/admin/src/app/(protected)/roles/page.tsx,27,GET,/roles/permissions,client.GET,listPermissions
admin,apps/admin/src/app/(protected)/roles/page.tsx,39,POST,/roles,client.POST,createRole
admin,apps/admin/src/app/(protected)/roles/page.tsx,60,PATCH,/roles/{roleId},client.PATCH,updateRole
admin,apps/admin/src/app/(protected)/roles/page.tsx,69,DELETE,/roles/{roleId},client.DELETE,deleteRole
admin,apps/admin/src/app/(protected)/system/health/page.tsx,15,GET,/health,client.GET,getHealth
admin,apps/admin/src/app/(protected)/system/health/page.tsx,16,GET,/health/worker,client.GET,getWorkerHealth
admin,apps/admin/src/app/(protected)/system/health/page.tsx,17,GET,/health/pdf,client.GET,getPdfHealth
admin,apps/admin/src/app/(protected)/templates/[id]/page.tsx,397,GET,/admin/templates/{templateId},client.GET,getPrintTemplate
admin,apps/admin/src/app/(protected)/templates/[id]/page.tsx,414,PATCH,/admin/templates/{templateId},client.PATCH,updatePrintTemplate
admin,apps/admin/src/app/(protected)/templates/[id]/page.tsx,440,POST,/admin/templates/{templateId}/activate,client.POST,activatePrintTemplate
admin,apps/admin/src/app/(protected)/templates/[id]/page.tsx,444,POST,/admin/templates/{templateId}/archive,client.POST,archivePrintTemplate
admin,apps/admin/src/app/(protected)/templates/[id]/page.tsx,448,POST,/admin/templates/{templateId}/new-version,client.POST,createTemplateNewVersion
admin,apps/admin/src/app/(protected)/templates/[id]/preview/page.tsx,21,POST,/admin/templates/{templateId}/preview,client.POST,previewPrintTemplate
admin,apps/admin/src/app/(protected)/templates/new/page.tsx,42,GET,/admin/template-blueprints,client.GET,listTemplateBlueprints
admin,apps/admin/src/app/(protected)/templates/new/page.tsx,45,GET,/admin/templates,client.GET,listPrintTemplates
admin,apps/admin/src/app/(protected)/templates/new/page.tsx,70,POST,/admin/templates,client.POST,createPrintTemplate
admin,apps/admin/src/app/(protected)/templates/page.tsx,39,GET,/admin/templates,client.GET,listPrintTemplates
admin,apps/admin/src/app/(protected)/templates/page.tsx,59,POST,/admin/templates/{templateId}/activate,client.POST,activatePrintTemplate
admin,apps/admin/src/app/(protected)/templates/page.tsx,61,POST,/admin/templates/{templateId}/archive,client.POST,archivePrintTemplate
admin,apps/admin/src/app/(protected)/templates/page.tsx,121,POST,/admin/template-blueprints/provision-defaults,client.POST,provisionDefaultTemplates
admin,apps/admin/src/app/(protected)/tenants/page.tsx,27,GET,/tenants,client.GET,listTenants
admin,apps/admin/src/app/(protected)/tenants/page.tsx,37,POST,/tenants,client.POST,createTenant
admin,apps/admin/src/app/(protected)/tenants/page.tsx,56,PATCH,/tenants/{tenantId},client.PATCH,updateTenant
admin,apps/admin/src/app/(protected)/tenants/page.tsx,68,PATCH,/tenants/{tenantId},client.PATCH,updateTenant
admin,apps/admin/src/app/(protected)/tenants/page.tsx,87,POST,/tenants/{tenantId}:enable-lims,client.POST,enableLimsForTenant
admin,apps/admin/src/app/(protected)/users/page.tsx,38,GET,/users,client.GET,listUsers
admin,apps/admin/src/app/(protected)/users/page.tsx,39,GET,/roles,client.GET,listRoles
admin,apps/admin/src/app/(protected)/users/page.tsx,52,POST,/users,client.POST,createUser
admin,apps/admin/src/app/(protected)/users/page.tsx,61,PATCH,/users/{userId},client.PATCH,updateUser
admin,apps/admin/src/app/(protected)/users/page.tsx,76,PATCH,/users/{userId},client.PATCH,updateUser
admin,apps/admin/src/app/(protected)/users/page.tsx,86,GET,/users/{userId}/roles,client.GET,getUserRoles
admin,apps/admin/src/app/(protected)/users/page.tsx,99,PUT,/users/{userId}/roles,client.PUT,setUserRoles
admin,apps/admin/src/app/login/page.tsx,22,POST,/auth/login,client.POST,login
admin,apps/admin/src/lib/use-auth.ts,30,GET,/me,client.GET,getMe
operator,apps/operator/src/app/(protected)/account/page.tsx,58,GET,/account/me,client.GET,getMyAccountProfile
operator,apps/operator/src/app/(protected)/account/page.tsx,59,GET,/admin/navigation,client.GET,getAdminNavigationSummary
operator,apps/operator/src/app/(protected)/account/page.tsx,92,PATCH,/account/me,client.PATCH,updateMyAccountProfile
operator,apps/operator/src/app/(protected)/account/page.tsx,117,POST,/account/change-password,client.POST,changeMyAccountPassword
operator,apps/operator/src/app/(protected)/lims/encounters/[id]/order/page.tsx,38,GET,/encounters/{encounterId},client.GET,getEncounter
operator,apps/operator/src/app/(protected)/lims/encounters/[id]/order/page.tsx,40,GET,/catalog/tests,client.GET,listCatalogTests
operator,apps/operator/src/app/(protected)/lims/encounters/[id]/order/page.tsx,64,POST,/encounters/{encounterId}:order-lab,client.POST,orderLab
operator,apps/operator/src/app/(protected)/lims/encounters/[id]/page.tsx,33,GET,/encounters/{encounterId},client.GET,getEncounter
operator,apps/operator/src/app/(protected)/lims/encounters/[id]/page.tsx,44,GET,/documents,client.GET,listDocuments
operator,apps/operator/src/app/(protected)/lims/encounters/[id]/page.tsx,92,POST,/encounters/{encounterId}:cancel,client.POST,cancelEncounter
operator,apps/operator/src/app/(protected)/lims/encounters/[id]/publish/page.tsx,29,GET,/documents,client.GET,listDocuments
operator,apps/operator/src/app/(protected)/lims/encounters/[id]/publish/page.tsx,51,GET,/encounters/{encounterId},client.GET,getEncounter
operator,apps/operator/src/app/(protected)/lims/encounters/[id]/publish/page.tsx,74,GET,/documents/{id}/download,client.GET,downloadDocument
operator,apps/operator/src/app/(protected)/lims/encounters/[id]/publish/page.tsx,95,POST,/encounters/{encounterId}:publish-report,client.POST,publishEncounterReport
operator,apps/operator/src/app/(protected)/lims/encounters/[id]/receive/page.tsx,25,GET,/encounters/{encounterId},client.GET,getEncounter
operator,apps/operator/src/app/(protected)/lims/encounters/[id]/receive/page.tsx,40,POST,/encounters/{encounterId}:receive-specimen,client.POST,receiveSpecimenLegacy
operator,apps/operator/src/app/(protected)/lims/encounters/[id]/reports/page.tsx,23,GET,/encounters/{encounterId},client.GET,getEncounter
operator,apps/operator/src/app/(protected)/lims/encounters/[id]/reports/page.tsx,25,GET,/documents,client.GET,listDocuments
operator,apps/operator/src/app/(protected)/lims/encounters/[id]/results/page.tsx,33,GET,/encounters/{encounterId},client.GET,getEncounter
operator,apps/operator/src/app/(protected)/lims/encounters/[id]/results/page.tsx,69,POST,/encounters/{encounterId}:result,client.POST,enterResult
operator,apps/operator/src/app/(protected)/lims/encounters/[id]/sample/page.tsx,38,GET,/encounters/{encounterId},client.GET,getEncounter
operator,apps/operator/src/app/(protected)/lims/encounters/[id]/sample/page.tsx,54,POST,/encounters/{encounterId}:collect-specimen,client.POST,collectSpecimen
operator,apps/operator/src/app/(protected)/lims/encounters/[id]/sample/page.tsx,66,POST,/encounters/{encounterId}:receive-specimen,client.POST,receiveSpecimenLegacy
operator,apps/operator/src/app/(protected)/lims/encounters/[id]/verify/page.tsx,30,GET,/encounters/{encounterId},client.GET,getEncounter
operator,apps/operator/src/app/(protected)/lims/encounters/[id]/verify/page.tsx,47,POST,/encounters/{encounterId}:verify,client.POST,verifyEncounterLegacy
operator,apps/operator/src/app/(protected)/lims/encounters/[id]/verify/page.tsx,60,GET,/encounters/{encounterId},client.GET,getEncounter
operator,apps/operator/src/app/(protected)/lims/encounters/new/page.tsx,17,GET,/patients,client.GET,listPatients
operator,apps/operator/src/app/(protected)/lims/encounters/new/page.tsx,31,POST,/encounters,client.POST,createEncounter
operator,apps/operator/src/app/(protected)/lims/encounters/page.tsx,19,GET,/encounters,client.GET,listEncounters
operator,apps/operator/src/app/(protected)/lims/patients/new/page.tsx,40,POST,/patients,client.POST,createPatient
operator,apps/operator/src/app/(protected)/lims/patients/page.tsx,17,GET,/patients,client.GET,listPatients
operator,apps/operator/src/app/(protected)/lims/payments/page.tsx,92,GET,/encounters,client.GET,listEncounters
operator,apps/operator/src/app/(protected)/lims/payments/page.tsx,119,GET,/encounters/{encounterId}/financials,client.GET,getEncounterFinancials
operator,apps/operator/src/app/(protected)/lims/payments/page.tsx,144,POST,/encounters/{encounterId}:collect-due,client.POST,collectDue
operator,apps/operator/src/app/(protected)/lims/payments/page.tsx,170,POST,/encounters/{encounterId}:apply-discount,client.POST,applyDiscount
operator,apps/operator/src/app/(protected)/lims/payments/page.tsx,194,POST,/encounters/{encounterId}:cancel,client.POST,cancelEncounter
operator,apps/operator/src/app/(protected)/lims/print/[id]/page.tsx,54,GET,/documents/{id}/download,client.GET,downloadDocument
operator,apps/operator/src/app/(protected)/lims/print/[id]/page.tsx,74,GET,/documents/{id}/render,client.GET,renderDocument
operator,apps/operator/src/app/(protected)/lims/registrations/new/page.tsx,126,GET,/patients,client.GET,listPatients
operator,apps/operator/src/app/(protected)/lims/registrations/new/page.tsx,184,GET,/operator/catalog/tests/top,client.GET,operatorCatalogTestsTop
operator,apps/operator/src/app/(protected)/lims/registrations/new/page.tsx,211,GET,/operator/catalog/tests/search,client.GET,operatorCatalogTestsSearch
operator,apps/operator/src/app/(protected)/lims/registrations/new/page.tsx,328,PATCH,/patients/{patientId},client.PATCH,updatePatient
operator,apps/operator/src/app/(protected)/lims/registrations/new/page.tsx,332,POST,/patients,client.POST,createPatient
operator,apps/operator/src/app/(protected)/lims/registrations/new/page.tsx,365,POST,/patients,client.POST,createPatient
operator,apps/operator/src/app/(protected)/lims/registrations/new/page.tsx,372,POST,/encounters,client.POST,createEncounter
operator,apps/operator/src/app/(protected)/lims/registrations/new/page.tsx,381,POST,/encounters/{encounterId}:order-lab,client.POST,orderLab
operator,apps/operator/src/app/(protected)/lims/registrations/new/page.tsx,402,POST,/documents/receipt:generate,client.POST,generateReceipt
operator,apps/operator/src/app/(protected)/lims/registrations/new/page.tsx,433,GET,/documents,client.GET,listDocuments
operator,apps/operator/src/app/(protected)/lims/reports/page.tsx,98,GET,/documents,client.GET,listDocuments
operator,apps/operator/src/app/(protected)/lims/reports/page.tsx,141,GET,/patients,client.GET,listPatients
operator,apps/operator/src/app/(protected)/lims/reports/page.tsx,155,GET,/encounters,client.GET,listEncounters
operator,apps/operator/src/app/(protected)/lims/reports/page.tsx,201,GET,/documents/{id}/download,client.GET,downloadDocument
operator,apps/operator/src/app/(protected)/lims/results/[orderedTestId]/page.tsx,112,GET,/results/tests/{orderedTestId},client.GET,getOrderedTestDetail
operator,apps/operator/src/app/(protected)/lims/results/[orderedTestId]/page.tsx,158,POST,/results/tests/{orderedTestId}:save,client.POST,saveTestResults
operator,apps/operator/src/app/(protected)/lims/results/[orderedTestId]/page.tsx,190,GET,/results/tests/pending,client.GET,getPendingTests
operator,apps/operator/src/app/(protected)/lims/results/[orderedTestId]/page.tsx,212,POST,/results/tests/{orderedTestId}:submit,client.POST,submitTestResults
operator,apps/operator/src/app/(protected)/lims/results/encounters/[encounterId]/page.tsx,159,GET,/results/tests/pending,client.GET,getPendingTests
operator,apps/operator/src/app/(protected)/lims/results/encounters/[encounterId]/page.tsx,161,GET,/results/tests/submitted,client.GET,getSubmittedTests
operator,apps/operator/src/app/(protected)/lims/results/encounters/[encounterId]/page.tsx,185,GET,/results/tests/{orderedTestId},client.GET,getOrderedTestDetail
operator,apps/operator/src/app/(protected)/lims/results/encounters/[encounterId]/page.tsx,212,GET,/results/tests/{orderedTestId},client.GET,getOrderedTestDetail
operator,apps/operator/src/app/(protected)/lims/results/encounters/[encounterId]/page.tsx,239,POST,/results/tests/{orderedTestId}:save,client.POST,saveTestResults
operator,apps/operator/src/app/(protected)/lims/results/encounters/[encounterId]/page.tsx,264,POST,/results/tests/{orderedTestId}:submit,client.POST,submitTestResults
operator,apps/operator/src/app/(protected)/lims/results/page.tsx,117,GET,/results/tests/pending,client.GET,getPendingTests
operator,apps/operator/src/app/(protected)/lims/results/page.tsx,118,GET,/results/tests/submitted,client.GET,getSubmittedTests
operator,apps/operator/src/app/(protected)/lims/results/page.tsx,180,POST,/results/tests/{orderedTestId}:submit,client.POST,submitTestResults
operator,apps/operator/src/app/(protected)/lims/sample-collection/page.tsx,106,GET,/sample-collection/worklist,client.GET,getSampleCollectionWorklist
operator,apps/operator/src/app/(protected)/lims/sample-collection/page.tsx,138,POST,/encounters/{encounterId}:collect-specimens,client.POST,collectSpecimens
operator,apps/operator/src/app/(protected)/lims/sample-collection/page.tsx,160,POST,/encounters/{encounterId}:postpone-specimen,client.POST,postponeSpecimen
operator,apps/operator/src/app/(protected)/lims/sample-collection/page.tsx,182,POST,/encounters/{encounterId}:receive-specimens,client.POST,receiveSpecimens
operator,apps/operator/src/app/(protected)/lims/sample-collection/page.tsx,239,POST,/encounters/{encounterId}:receive-specimens,client.POST,receiveSpecimens
operator,apps/operator/src/app/(protected)/lims/verification/encounters/[encounterId]/page.tsx,85,GET,/verification/encounters/{encounterId},client.GET,getVerificationEncounterDetail
operator,apps/operator/src/app/(protected)/lims/verification/encounters/[encounterId]/page.tsx,100,GET,/verification/encounters/pending,client.GET,getVerificationQueue
operator,apps/operator/src/app/(protected)/lims/verification/encounters/[encounterId]/page.tsx,143,GET,/documents,client.GET,listDocuments
operator,apps/operator/src/app/(protected)/lims/verification/encounters/[encounterId]/page.tsx,179,POST,/verification/encounters/{encounterId}:verify,client.POST,verifyEncounter
operator,apps/operator/src/app/(protected)/lims/verification/page.tsx,85,GET,/verification/encounters/pending,client.GET,getVerificationQueue
operator,apps/operator/src/app/(protected)/lims/verification/page.tsx,96,GET,/verification/encounters/{encounterId},client.GET,getVerificationEncounterDetail
operator,apps/operator/src/app/(protected)/lims/verification/page.tsx,156,POST,/verification/encounters/{encounterId}:verify,client.POST,verifyEncounter
operator,apps/operator/src/app/(protected)/lims/verification/page.tsx,176,POST,/verification/encounters/{encounterId}:return-for-correction,client.POST,returnEncounterForCorrection
operator,apps/operator/src/app/(protected)/lims/worklist/page.tsx,63,GET,/results/tests/pending,client.GET,getPendingTests
operator,apps/operator/src/app/(protected)/lims/worklist/page.tsx,64,GET,/verification/encounters/pending,client.GET,getVerificationQueue
operator,apps/operator/src/app/(protected)/lims/worklist/page.tsx,65,GET,/documents,client.GET,listDocuments
operator,apps/operator/src/app/(protected)/lims/worklist/page.tsx,66,GET,/documents,client.GET,listDocuments
operator,apps/operator/src/app/(protected)/lims/worklist/page.tsx,67,GET,/encounters,client.GET,listEncounters
operator,apps/operator/src/app/(protected)/opd/appointments/[id]/page.tsx,56,GET,/opd/appointments/{appointmentId},client.GET,getOpdAppointment
operator,apps/operator/src/app/(protected)/opd/appointments/[id]/page.tsx,144,POST,/opd/visits,client.POST,createOpdVisit
operator,apps/operator/src/app/(protected)/opd/appointments/new/page.tsx,57,GET,/opd/providers,client.GET,listOpdProviders
operator,apps/operator/src/app/(protected)/opd/appointments/new/page.tsx,82,GET,/opd/providers/{providerId}/availability,client.GET,getOpdProviderAvailability
operator,apps/operator/src/app/(protected)/opd/appointments/new/page.tsx,135,POST,/opd/appointments,client.POST,createOpdAppointment
operator,apps/operator/src/app/(protected)/opd/billing/invoices/[invoiceId]/page.tsx,47,GET,/opd/billing/invoices/{invoiceId},client.GET,getOpdInvoice
operator,apps/operator/src/app/(protected)/opd/billing/invoices/[invoiceId]/page.tsx,68,GET,/opd/billing/invoices/{invoiceId}/payments,client.GET,listOpdInvoicePayments
operator,apps/operator/src/app/(protected)/opd/billing/invoices/[invoiceId]/page.tsx,149,POST,/opd/billing/invoices/{invoiceId}/payments,client.POST,
operator,apps/operator/src/app/(protected)/opd/billing/new/page.tsx,75,POST,/opd/billing/invoices,client.POST,createOpdInvoice
operator,apps/operator/src/app/(protected)/opd/billing/page.tsx,45,GET,/opd/billing/invoices,client.GET,listOpdInvoices
operator,apps/operator/src/app/(protected)/opd/encounters/[id]/doctor/page.tsx,83,GET,/opd/encounters/{encounterId},client.GET,getOpdEncounterKmvp
operator,apps/operator/src/app/(protected)/opd/encounters/[id]/doctor/page.tsx,121,GET,/opd/encounters/{encounterId}/prescription/file,client.GET,downloadOpdEncounterPrescriptionFile
operator,apps/operator/src/app/(protected)/opd/encounters/[id]/doctor/page.tsx,156,POST,/opd/commands/publishPrescription,client.POST,publishOpdPrescriptionCommand
operator,apps/operator/src/app/(protected)/opd/encounters/[id]/intake/page.tsx,47,GET,/opd/encounters/{encounterId},client.GET,getOpdEncounterKmvp
operator,apps/operator/src/app/(protected)/opd/encounters/[id]/intake/page.tsx,91,POST,/opd/commands/recordIntake,client.POST,recordOpdIntakeCommand
operator,apps/operator/src/app/(protected)/opd/encounters/new/page.tsx,76,GET,/opd/doctors,client.GET,listOpdDoctors
operator,apps/operator/src/app/(protected)/opd/encounters/new/page.tsx,99,GET,/patients,client.GET,listPatients
operator,apps/operator/src/app/(protected)/opd/encounters/new/page.tsx,134,POST,/patients,client.POST,createPatient
operator,apps/operator/src/app/(protected)/opd/encounters/new/page.tsx,165,POST,/opd/commands/createRegistration,client.POST,createOpdRegistrationCommand
operator,apps/operator/src/app/(protected)/opd/encounters/page.tsx,52,GET,/opd/encounters,client.GET,listOpdEncountersKmvp
operator,apps/operator/src/app/(protected)/opd/providers/[providerId]/availability/page.tsx,31,GET,/opd/providers/{providerId}/availability,client.GET,getOpdProviderAvailability
operator,apps/operator/src/app/(protected)/opd/visits/[visitId]/page.tsx,75,GET,/opd/visits/{visitId}/vitals,client.GET,listOpdVisitVitals
operator,apps/operator/src/app/(protected)/opd/visits/[visitId]/page.tsx,93,GET,/opd/visits/{visitId}/clinical-note,client.GET,getOpdVisitClinicalNote
operator,apps/operator/src/app/(protected)/opd/visits/[visitId]/page.tsx,130,GET,/opd/visits/{visitId}/prescription,client.GET,getOpdVisitPrescription
operator,apps/operator/src/app/(protected)/opd/visits/[visitId]/page.tsx,175,GET,/opd/visits/{visitId},client.GET,getOpdVisit
operator,apps/operator/src/app/(protected)/opd/visits/[visitId]/page.tsx,271,PUT,/opd/visits/{visitId}/clinical-note,client.PUT,upsertOpdVisitClinicalNote
operator,apps/operator/src/app/(protected)/opd/visits/[visitId]/page.tsx,327,PUT,/opd/visits/{visitId}/prescription,client.PUT,upsertOpdVisitPrescription
operator,apps/operator/src/app/(protected)/opd/visits/new/page.tsx,34,GET,/opd/providers,client.GET,listOpdProviders
operator,apps/operator/src/app/(protected)/opd/visits/new/page.tsx,54,POST,/opd/visits,client.POST,createOpdVisit
operator,apps/operator/src/app/(protected)/opd/worklist/page.tsx,63,GET,/opd/appointments,client.GET,listOpdAppointments
operator,apps/operator/src/app/(protected)/opd/worklist/page.tsx,95,GET,/opd/visits,client.GET,listOpdVisits
operator,apps/operator/src/app/login/page.tsx,27,POST,/auth/login,client.POST,login
operator,apps/operator/src/hooks/use-document-polling.ts,20,GET,/documents,client.GET,listDocuments
operator,apps/operator/src/hooks/use-document-polling.ts,30,GET,/documents,client.GET,listDocuments
operator,apps/operator/src/hooks/use-feature-flags.ts,35,GET,/feature-flags/resolved,client.GET,getResolvedFeatureFlags
