app,route,pageFile,componentFile,userAction,sdkMethod,frontendPathPattern,normalizedPath,openapiOperationId,openapiPath,httpMethod,backendController,backendService,permission,tenantContext,auditEvent,runtimeVerified,classification,status,notes
admin,lib/use-auth.ts,lib/use-auth.ts,,use-auth,api.GET,/me,/me,getMe,/me,GET,UNKNOWN,UNKNOWN,UNKNOWN,required,not_required,True,MVP_ACTIVE,COMPLETE,
admin,/branding,app/(protected)/branding/page.tsx,,page,api.GET,/me,/me,getMe,/me,GET,UNKNOWN,UNKNOWN,UNKNOWN,required,not_required,True,MVP_ACTIVE,COMPLETE,
admin,/branding,app/(protected)/branding/page.tsx,,page,api.GET,/tenants,/tenants,listTenants,/tenants,GET,tenants.controller.ts,tenants.service.ts,,required,not_required,True,MVP_ACTIVE,COMPLETE,
admin,/branding,app/(protected)/branding/page.tsx,,page,api.GET,/tenants/{tenantId}/config,/tenants/{param}/config,getTenantConfig,/tenants/{tenantId}/config,GET,tenants.controller.ts,tenants.service.ts,TENANT_UPDATE,required,not_required,True,MVP_ACTIVE,COMPLETE,
admin,/branding,app/(protected)/branding/page.tsx,,page,api.PATCH,/tenants/{tenantId}/config,/tenants/{param}/config,updateTenantConfig,/tenants/{tenantId}/config,PATCH,tenants.controller.ts,tenants.service.ts,BRANDING_READ,required,required,True,MVP_ACTIVE,COMPLETE,
admin,/account,app/(protected)/account/page.tsx,,page,api.GET,/account/me,/account/me,getMyAccountProfile,/account/me,GET,UNKNOWN,UNKNOWN,UNKNOWN,required,not_required,True,MVP_ACTIVE,COMPLETE,
admin,/account,app/(protected)/account/page.tsx,,page,api.PATCH,/account/me,/account/me,updateMyAccountProfile,/account/me,PATCH,UNKNOWN,UNKNOWN,UNKNOWN,required,required,True,MVP_ACTIVE,COMPLETE,
admin,/account,app/(protected)/account/page.tsx,,page,api.POST,/account/change-password,/account/change-password,changeMyAccountPassword,/account/change-password,POST,UNKNOWN,UNKNOWN,UNKNOWN,required,required,True,MVP_ACTIVE,COMPLETE,
admin,/opd/schedules,app/(protected)/opd/schedules/page.tsx,,page,api.GET,/opd/providers,/opd/providers,listOpdProviders,/opd/providers,GET,opd.controller.ts,opd.service.ts,DOCUMENT_GENERATE,required,not_required,True,FUTURE_NON_MVP,COMPLETE,
admin,/opd/schedules,app/(protected)/opd/schedules/page.tsx,,page,api.GET,/opd/providers/{providerId}/schedules,/opd/providers/{param}/schedules,listOpdProviderSchedules,/opd/providers/{providerId}/schedules,GET,opd.controller.ts,opd.service.ts,MODULE_ADMIN,required,not_required,True,FUTURE_NON_MVP,COMPLETE,
admin,/opd/schedules,app/(protected)/opd/schedules/page.tsx,,page,api.POST,/opd/providers/{providerId}/schedules,/opd/providers/{param}/schedules,createOpdProviderSchedule,/opd/providers/{providerId}/schedules,POST,opd.controller.ts,opd.service.ts,MODULE_ADMIN,required,required,True,FUTURE_NON_MVP,COMPLETE,
admin,/opd/schedules,app/(protected)/opd/schedules/page.tsx,,page,api.PATCH,/opd/providers/{providerId}/schedules/{scheduleId},/opd/providers/{param}/schedules/{param},updateOpdProviderSchedule,/opd/providers/{providerId}/schedules/{scheduleId},PATCH,opd.controller.ts,opd.service.ts,MODULE_ADMIN,required,required,True,FUTURE_NON_MVP,COMPLETE,
admin,/opd/schedules,app/(protected)/opd/schedules/page.tsx,,page,api.DELETE,/opd/providers/{providerId}/schedules/{scheduleId},/opd/providers/{param}/schedules/{param},deleteOpdProviderSchedule,/opd/providers/{providerId}/schedules/{scheduleId},DELETE,opd.controller.ts,opd.service.ts,MODULE_ADMIN,required,required,True,FUTURE_NON_MVP,COMPLETE,
admin,/opd/feature-flags,app/(protected)/opd/feature-flags/page.tsx,,page,api.GET,/me,/me,getMe,/me,GET,UNKNOWN,UNKNOWN,UNKNOWN,required,not_required,True,MVP_ACTIVE,COMPLETE,
admin,/opd/feature-flags,app/(protected)/opd/feature-flags/page.tsx,,page,api.GET,/tenants,/tenants,listTenants,/tenants,GET,tenants.controller.ts,tenants.service.ts,,required,not_required,True,MVP_ACTIVE,COMPLETE,
admin,/opd/feature-flags,app/(protected)/opd/feature-flags/page.tsx,,page,api.GET,/tenants/{tenantId}/feature-flags,/tenants/{param}/feature-flags,getTenantFeatureFlags,/tenants/{tenantId}/feature-flags,GET,tenants.controller.ts,tenants.service.ts,BRANDING_WRITE,required,not_required,True,MVP_ACTIVE,COMPLETE,
admin,/opd/feature-flags,app/(protected)/opd/feature-flags/page.tsx,,page,api.PUT,/tenants/{tenantId}/feature-flags,/tenants/{param}/feature-flags,setTenantFeatureFlags,/tenants/{tenantId}/feature-flags,PUT,tenants.controller.ts,tenants.service.ts,FEATURE_FLAG_READ,required,required,True,MVP_ACTIVE,COMPLETE,
admin,/opd/doctors,app/(protected)/opd/doctors/page.tsx,,page,api.GET,/opd/doctors,/opd/doctors,listOpdDoctors,/opd/doctors,GET,opd.controller.ts,opd.service.ts,,required,not_required,True,FUTURE_NON_MVP,COMPLETE,
admin,/opd/doctors,app/(protected)/opd/doctors/page.tsx,,page,api.POST,/opd/doctors,/opd/doctors,createOpdDoctor,/opd/doctors,POST,opd.controller.ts,opd.service.ts,MODULE_ADMIN,required,required,True,FUTURE_NON_MVP,COMPLETE,
admin,/opd/doctors,app/(protected)/opd/doctors/page.tsx,,page,api.PATCH,/opd/doctors/{doctorId},/opd/doctors/{param},updateOpdDoctor,/opd/doctors/{doctorId},PATCH,opd.controller.ts,opd.service.ts,MODULE_ADMIN,required,required,True,FUTURE_NON_MVP,COMPLETE,
admin,/opd/providers,app/(protected)/opd/providers/page.tsx,,page,api.GET,/opd/providers,/opd/providers,listOpdProviders,/opd/providers,GET,opd.controller.ts,opd.service.ts,DOCUMENT_GENERATE,required,not_required,True,FUTURE_NON_MVP,COMPLETE,
admin,/opd/providers,app/(protected)/opd/providers/page.tsx,,page,api.POST,/opd/providers,/opd/providers,createOpdProvider,/opd/providers,POST,opd.controller.ts,opd.service.ts,MODULE_ADMIN,required,required,True,FUTURE_NON_MVP,COMPLETE,
admin,/opd/providers,app/(protected)/opd/providers/page.tsx,,page,api.PATCH,/opd/providers/{providerId},/opd/providers/{param},updateOpdProvider,/opd/providers/{providerId},PATCH,opd.controller.ts,opd.service.ts,MODULE_ADMIN,required,required,True,FUTURE_NON_MVP,COMPLETE,
admin,/opd/providers,app/(protected)/opd/providers/page.tsx,,page,api.DELETE,/opd/providers/{providerId},/opd/providers/{providerId},UNKNOWN,UNKNOWN,DELETE,UNKNOWN,UNKNOWN,UNKNOWN,required,required,True,MVP_ACTIVE,BROKEN,
admin,/opd/providers/[providerId],app/(protected)/opd/providers/[providerId]/page.tsx,,page,api.GET,/opd/providers/{providerId},/opd/providers/{param},getOpdProvider,/opd/providers/{providerId},GET,opd.controller.ts,opd.service.ts,MODULE_ADMIN,required,not_required,True,FUTURE_NON_MVP,COMPLETE,
admin,/audit,app/(protected)/audit/page.tsx,,page,api.GET,/audit-events,/audit-events,listAuditEvents,/audit-events,GET,audit-events.controller.ts,audit-events.service.ts,,required,not_required,True,MVP_ACTIVE,COMPLETE,
admin,/catalog,app/(protected)/catalog/page.tsx,,page,api.GET,/catalog/sample-types,/catalog/sample-types,listSampleTypes,/catalog/sample-types,GET,catalog.controller.ts,catalog.service.ts,,required,not_required,True,MVP_ACTIVE,COMPLETE,
admin,/catalog,app/(protected)/catalog/page.tsx,,page,api.GET,/catalog/parameters,/catalog/parameters,listParameters,/catalog/parameters,GET,catalog.controller.ts,catalog.service.ts,CATALOG_MANAGE,required,not_required,True,MVP_ACTIVE,COMPLETE,
admin,/catalog,app/(protected)/catalog/page.tsx,,page,api.GET,/catalog/tests,/catalog/tests,listCatalogTests,/catalog/tests,GET,catalog.controller.ts,catalog.service.ts,CATALOG_MANAGE,required,not_required,True,MVP_ACTIVE,COMPLETE,
admin,/catalog,app/(protected)/catalog/page.tsx,,page,api.GET,/catalog/panels,/catalog/panels,listCatalogPanels,/catalog/panels,GET,catalog.controller.ts,catalog.service.ts,CATALOG_MANAGE,required,not_required,True,MVP_ACTIVE,COMPLETE,
admin,/catalog/reference-ranges,app/(protected)/catalog/reference-ranges/page.tsx,,page,api.GET,/catalog/reference-ranges,/catalog/reference-ranges,listReferenceRanges,/catalog/reference-ranges,GET,catalog.controller.ts,catalog.service.ts,CATALOG_MANAGE,required,not_required,True,MVP_ACTIVE,COMPLETE,
admin,/catalog/reference-ranges,app/(protected)/catalog/reference-ranges/page.tsx,,page,api.GET,/catalog/parameters,/catalog/parameters,listParameters,/catalog/parameters,GET,catalog.controller.ts,catalog.service.ts,CATALOG_MANAGE,required,not_required,True,MVP_ACTIVE,COMPLETE,
admin,/catalog/reference-ranges,app/(protected)/catalog/reference-ranges/page.tsx,,page,api.GET,/catalog/tests,/catalog/tests,listCatalogTests,/catalog/tests,GET,catalog.controller.ts,catalog.service.ts,CATALOG_MANAGE,required,not_required,True,MVP_ACTIVE,COMPLETE,
admin,/catalog/reference-ranges,app/(protected)/catalog/reference-ranges/page.tsx,,page,api.PUT,/catalog/reference-ranges/{id},/catalog/reference-ranges/{param},updateReferenceRange,/catalog/reference-ranges/{id},PUT,catalog.controller.ts,catalog.service.ts,CATALOG_MANAGE,required,required,True,MVP_ACTIVE,COMPLETE,
admin,/catalog/reference-ranges,app/(protected)/catalog/reference-ranges/page.tsx,,page,api.POST,/catalog/reference-ranges,/catalog/reference-ranges,createReferenceRange,/catalog/reference-ranges,POST,catalog.controller.ts,catalog.service.ts,CATALOG_READ,required,required,True,MVP_ACTIVE,COMPLETE,
admin,/catalog/reference-ranges,app/(protected)/catalog/reference-ranges/page.tsx,,page,api.DELETE,/catalog/reference-ranges/{id},/catalog/reference-ranges/{param},deleteReferenceRange,/catalog/reference-ranges/{id},DELETE,catalog.controller.ts,catalog.service.ts,CATALOG_MANAGE,required,required,True,MVP_ACTIVE,COMPLETE,
admin,/catalog/sample-types,app/(protected)/catalog/sample-types/page.tsx,,page,api.GET,/catalog/sample-types,/catalog/sample-types,listSampleTypes,/catalog/sample-types,GET,catalog.controller.ts,catalog.service.ts,,required,not_required,True,MVP_ACTIVE,COMPLETE,
admin,/catalog/sample-types,app/(protected)/catalog/sample-types/page.tsx,,page,api.GET,/catalog/sample-types/next-id,/catalog/sample-types/next-id,getNextSampleTypeId,/catalog/sample-types/next-id,GET,catalog.controller.ts,catalog.service.ts,CATALOG_MANAGE,required,not_required,True,MVP_ACTIVE,COMPLETE,
admin,/catalog/sample-types,app/(protected)/catalog/sample-types/page.tsx,,page,api.PATCH,/catalog/sample-types/{id},/catalog/sample-types/{param},updateSampleType,/catalog/sample-types/{id},PATCH,catalog.controller.ts,catalog.service.ts,CATALOG_READ,required,required,True,MVP_ACTIVE,COMPLETE,
admin,/catalog/sample-types,app/(protected)/catalog/sample-types/page.tsx,,page,api.POST,/catalog/sample-types,/catalog/sample-types,createSampleType,/catalog/sample-types,POST,catalog.controller.ts,catalog.service.ts,CATALOG_READ,required,required,True,MVP_ACTIVE,COMPLETE,
admin,/catalog/sample-types,app/(protected)/catalog/sample-types/page.tsx,,page,api.DELETE,/catalog/sample-types/{id},/catalog/sample-types/{param},deleteSampleType,/catalog/sample-types/{id},DELETE,catalog.controller.ts,catalog.service.ts,CATALOG_MANAGE,required,required,True,MVP_ACTIVE,COMPLETE,
admin,/catalog/tests,app/(protected)/catalog/tests/page.tsx,,page,api.GET,/catalog/tests,/catalog/tests,listCatalogTests,/catalog/tests,GET,catalog.controller.ts,catalog.service.ts,CATALOG_MANAGE,required,not_required,True,MVP_ACTIVE,COMPLETE,
admin,/catalog/tests,app/(protected)/catalog/tests/page.tsx,,page,api.GET,/operator/catalog/tests/top,/operator/catalog/tests/top,operatorCatalogTestsTop,/operator/catalog/tests/top,GET,catalog-operator.controller.ts,catalog-operator.service.ts,CATALOG_READ,required,not_required,True,MVP_ACTIVE,COMPLETE,
admin,/catalog/tests,app/(protected)/catalog/tests/page.tsx,,page,api.GET,/catalog/tests/{testId}/parameters,/catalog/tests/{param}/parameters,listTestParameters,/catalog/tests/{testId}/parameters,GET,catalog.controller.ts,catalog.service.ts,CATALOG_MANAGE,required,not_required,True,MVP_ACTIVE,COMPLETE,
admin,/catalog/tests,app/(protected)/catalog/tests/page.tsx,,page,api.GET,/catalog/parameters,/catalog/parameters,listParameters,/catalog/parameters,GET,catalog.controller.ts,catalog.service.ts,CATALOG_MANAGE,required,not_required,True,MVP_ACTIVE,COMPLETE,
admin,/catalog/tests,app/(protected)/catalog/tests/page.tsx,,page,api.GET,/catalog/tests/next-id,/catalog/tests/next-id,getNextTestId,/catalog/tests/next-id,GET,catalog.controller.ts,catalog.service.ts,CATALOG_MANAGE,required,not_required,True,MVP_ACTIVE,COMPLETE,
admin,/catalog/tests,app/(protected)/catalog/tests/page.tsx,,page,api.PATCH,/catalog/tests/{id},/catalog/tests/{param},updateCatalogTest,/catalog/tests/{testId},PATCH,catalog.controller.ts,catalog.service.ts,CATALOG_READ,required,required,True,MVP_ACTIVE,COMPLETE,
admin,/catalog/tests,app/(protected)/catalog/tests/page.tsx,,page,api.POST,/catalog/tests,/catalog/tests,createCatalogTest,/catalog/tests,POST,catalog.controller.ts,catalog.service.ts,CATALOG_READ,required,required,True,MVP_ACTIVE,COMPLETE,
admin,/catalog/tests,app/(protected)/catalog/tests/page.tsx,,page,api.DELETE,/catalog/tests/{id},/catalog/tests/{param},deleteCatalogTest,/catalog/tests/{testId},DELETE,catalog.controller.ts,catalog.service.ts,CATALOG_MANAGE,required,required,True,MVP_ACTIVE,COMPLETE,
admin,/catalog/tests,app/(protected)/catalog/tests/page.tsx,,page,api.POST,/catalog/tests/{testId}/parameters,/catalog/tests/{param}/parameters,addTestParameter,/catalog/tests/{testId}/parameters,POST,catalog.controller.ts,catalog.service.ts,CATALOG_READ,required,required,True,MVP_ACTIVE,COMPLETE,
admin,/catalog/tests,app/(protected)/catalog/tests/page.tsx,,page,api.DELETE,/catalog/tests/{testId}/parameters/{parameterId},/catalog/tests/{param}/parameters/{param},removeTestParameter,/catalog/tests/{testId}/parameters/{parameterId},DELETE,catalog.controller.ts,catalog.service.ts,CATALOG_MANAGE,required,required,True,MVP_ACTIVE,COMPLETE,
admin,/catalog/tests,app/(protected)/catalog/tests/page.tsx,,page,api.PATCH,/catalog/tests/{testId}/parameters/{parameterId},/catalog/tests/{param}/parameters/{param},updateTestParameterMapping,/catalog/tests/{testId}/parameters/{parameterId},PATCH,catalog.controller.ts,catalog.service.ts,CATALOG_MANAGE,required,required,True,MVP_ACTIVE,COMPLETE,
admin,/catalog/tests,app/(protected)/catalog/tests/page.tsx,,page,api.GET,/operator/catalog/tests/search,/operator/catalog/tests/search,operatorCatalogTestsSearch,/operator/catalog/tests/search,GET,catalog-operator.controller.ts,catalog-operator.service.ts,,required,not_required,True,MVP_ACTIVE,COMPLETE,
admin,/catalog/tests,app/(protected)/catalog/tests/page.tsx,,page,api.PUT,/admin/catalog/tests/top,/admin/catalog/tests/top,adminSetCatalogTopTests,/admin/catalog/tests/top,PUT,catalog-admin-top.controller.ts,catalog-admin-top.service.ts,,required,required,True,MVP_ACTIVE,COMPLETE,
admin,/catalog/import-export,app/(protected)/catalog/import-export/page.tsx,,page,api.POST,/catalog/import/workbook,/catalog/import/workbook,importCatalogWorkbook,/catalog/import/workbook,POST,catalog.controller.ts,catalog.service.ts,CATALOG_MANAGE,required,required,True,MVP_ACTIVE,COMPLETE,
admin,/catalog/import-export,app/(protected)/catalog/import-export/page.tsx,,page,api.POST,/catalog/export-jobs,/catalog/export-jobs,createExportJob,/catalog/export-jobs,POST,catalog-jobs.controller.ts,catalog-jobs.service.ts,JOB_RETRY,required,required,True,MVP_ACTIVE,COMPLETE,
admin,/catalog/panels,app/(protected)/catalog/panels/page.tsx,,page,api.GET,/catalog/panels,/catalog/panels,listCatalogPanels,/catalog/panels,GET,catalog.controller.ts,catalog.service.ts,CATALOG_MANAGE,required,not_required,True,MVP_ACTIVE,COMPLETE,
admin,/catalog/panels,app/(protected)/catalog/panels/page.tsx,,page,api.GET,/catalog/panels/{panelId}/tests,/catalog/panels/{param}/tests,listPanelTests,/catalog/panels/{panelId}/tests,GET,catalog.controller.ts,catalog.service.ts,CATALOG_MANAGE,required,not_required,True,MVP_ACTIVE,COMPLETE,
admin,/catalog/panels,app/(protected)/catalog/panels/page.tsx,,page,api.GET,/catalog/tests,/catalog/tests,listCatalogTests,/catalog/tests,GET,catalog.controller.ts,catalog.service.ts,CATALOG_MANAGE,required,not_required,True,MVP_ACTIVE,COMPLETE,
admin,/catalog/panels,app/(protected)/catalog/panels/page.tsx,,page,api.GET,/catalog/panels/next-id,/catalog/panels/next-id,getNextPanelId,/catalog/panels/next-id,GET,catalog.controller.ts,catalog.service.ts,CATALOG_MANAGE,required,not_required,True,MVP_ACTIVE,COMPLETE,
admin,/catalog/panels,app/(protected)/catalog/panels/page.tsx,,page,api.PATCH,/catalog/panels/{id},/catalog/panels/{param},updateCatalogPanel,/catalog/panels/{panelId},PATCH,catalog.controller.ts,catalog.service.ts,CATALOG_READ,required,required,True,MVP_ACTIVE,COMPLETE,
admin,/catalog/panels,app/(protected)/catalog/panels/page.tsx,,page,api.POST,/catalog/panels,/catalog/panels,createCatalogPanel,/catalog/panels,POST,catalog.controller.ts,catalog.service.ts,CATALOG_READ,required,required,True,MVP_ACTIVE,COMPLETE,
admin,/catalog/panels,app/(protected)/catalog/panels/page.tsx,,page,api.DELETE,/catalog/panels/{id},/catalog/panels/{param},deleteCatalogPanel,/catalog/panels/{panelId},DELETE,catalog.controller.ts,catalog.service.ts,CATALOG_MANAGE,required,required,True,MVP_ACTIVE,COMPLETE,
admin,/catalog/panels,app/(protected)/catalog/panels/page.tsx,,page,api.POST,/catalog/panels/{panelId}/tests,/catalog/panels/{param}/tests,addPanelTest,/catalog/panels/{panelId}/tests,POST,catalog.controller.ts,catalog.service.ts,CATALOG_READ,required,required,True,MVP_ACTIVE,COMPLETE,
admin,/catalog/panels,app/(protected)/catalog/panels/page.tsx,,page,api.DELETE,/catalog/panels/{panelId}/tests/{testId},/catalog/panels/{param}/tests/{param},removePanelTest,/catalog/panels/{panelId}/tests/{testId},DELETE,catalog.controller.ts,catalog.service.ts,CATALOG_MANAGE,required,required,True,MVP_ACTIVE,COMPLETE,
admin,/catalog/parameters,app/(protected)/catalog/parameters/page.tsx,,page,api.GET,/catalog/parameters,/catalog/parameters,listParameters,/catalog/parameters,GET,catalog.controller.ts,catalog.service.ts,CATALOG_MANAGE,required,not_required,True,MVP_ACTIVE,COMPLETE,
admin,/catalog/parameters,app/(protected)/catalog/parameters/page.tsx,,page,api.GET,/catalog/parameters/next-id,/catalog/parameters/next-id,getNextParameterId,/catalog/parameters/next-id,GET,catalog.controller.ts,catalog.service.ts,CATALOG_MANAGE,required,not_required,True,MVP_ACTIVE,COMPLETE,
admin,/catalog/parameters,app/(protected)/catalog/parameters/page.tsx,,page,api.PUT,/catalog/parameters/{parameterId},/catalog/parameters/{param},updateParameter,/catalog/parameters/{parameterId},PUT,catalog.controller.ts,catalog.service.ts,CATALOG_READ,required,required,True,MVP_ACTIVE,COMPLETE,
admin,/catalog/parameters,app/(protected)/catalog/parameters/page.tsx,,page,api.POST,/catalog/parameters,/catalog/parameters,createParameter,/catalog/parameters,POST,catalog.controller.ts,catalog.service.ts,CATALOG_READ,required,required,True,MVP_ACTIVE,COMPLETE,
admin,/catalog/parameters,app/(protected)/catalog/parameters/page.tsx,,page,api.DELETE,/catalog/parameters/{parameterId},/catalog/parameters/{param},deleteParameter,/catalog/parameters/{parameterId},DELETE,catalog.controller.ts,catalog.service.ts,CATALOG_MANAGE,required,required,True,MVP_ACTIVE,COMPLETE,
admin,/dashboard,app/(protected)/dashboard/page.tsx,,page,api.GET,/health,/health,getHealth,/health,GET,health.controller.ts,health.service.ts,,not_required,not_required,True,INTERNAL_SYSTEM,COMPLETE,
admin,/dashboard,app/(protected)/dashboard/page.tsx,,page,api.GET,/jobs/failed-count,/jobs/failed-count,getFailedJobsCount,/jobs/failed-count,GET,jobs.controller.ts,jobs.service.ts,JOB_READ,required,not_required,True,MVP_ACTIVE,COMPLETE,
admin,/dashboard,app/(protected)/dashboard/page.tsx,,page,api.GET,/audit-events,/audit-events,listAuditEvents,/audit-events,GET,audit-events.controller.ts,audit-events.service.ts,,required,not_required,True,MVP_ACTIVE,COMPLETE,
admin,/dashboard,app/(protected)/dashboard/page.tsx,,page,api.GET,/patients,/patients,listPatients,/patients,GET,patients.controller.ts,patients.service.ts,,required,not_required,True,MVP_ACTIVE,COMPLETE,
admin,/dashboard,app/(protected)/dashboard/page.tsx,,page,api.GET,/encounters,/encounters,listEncounters,/encounters,GET,encounters.controller.ts,encounters.service.ts,,required,not_required,True,MVP_ACTIVE,COMPLETE,
admin,/dashboard,app/(protected)/dashboard/page.tsx,,page,api.GET,/documents,/documents,listDocuments,/documents,GET,documents.controller.ts,documents.service.ts,DOCUMENT_GENERATE,required,not_required,True,MVP_ACTIVE,COMPLETE,
admin,/dashboard,app/(protected)/dashboard/page.tsx,,page,api.GET,/jobs,/jobs,listJobs,/jobs,GET,jobs.controller.ts,jobs.service.ts,,required,not_required,True,MVP_ACTIVE,COMPLETE,
admin,/dashboard,app/(protected)/dashboard/page.tsx,,page,api.GET,/jobs/failed,/jobs/failed,listFailedJobs,/jobs/failed,GET,jobs.controller.ts,jobs.service.ts,JOB_READ,required,not_required,True,MVP_ACTIVE,COMPLETE,
admin,/dashboard,app/(protected)/dashboard/page.tsx,,page,api.GET,/tenants,/tenants,listTenants,/tenants,GET,tenants.controller.ts,tenants.service.ts,,required,not_required,True,MVP_ACTIVE,COMPLETE,
admin,/tenants,app/(protected)/tenants/page.tsx,,page,api.GET,/tenants,/tenants,listTenants,/tenants,GET,tenants.controller.ts,tenants.service.ts,,required,not_required,True,MVP_ACTIVE,COMPLETE,
admin,/tenants,app/(protected)/tenants/page.tsx,,page,api.POST,/tenants,/tenants,createTenant,/tenants,POST,tenants.controller.ts,tenants.service.ts,TENANT_READ,required,required,True,MVP_ACTIVE,COMPLETE,
admin,/tenants,app/(protected)/tenants/page.tsx,,page,api.PATCH,/tenants/{tenantId},/tenants/{param},updateTenant,/tenants/{tenantId},PATCH,tenants.controller.ts,tenants.service.ts,TENANT_READ,required,required,True,MVP_ACTIVE,COMPLETE,
admin,/tenants,app/(protected)/tenants/page.tsx,,page,api.POST,/tenants/{tenantId}:enable-lims,/tenants/{param}:enable-lims,enableLimsForTenant,/tenants/{tenantId}:enable-lims,POST,UNKNOWN,UNKNOWN,UNKNOWN,required,required,True,MVP_ACTIVE,COMPLETE,
admin,/ops,app/(protected)/ops/page.tsx,,page,api.GET,/ops/dashboard,/ops/dashboard,getOpsDashboard,/ops/dashboard,GET,ops.controller.ts,ops.service.ts,,required,not_required,True,MVP_ACTIVE,COMPLETE,
admin,/ops,app/(protected)/ops/page.tsx,,page,api.POST,/ops/backups/full:run,/ops/backups/full:run,runFullBackup,/ops/backups/full:run,POST,UNKNOWN,UNKNOWN,UNKNOWN,required,required,True,MVP_ACTIVE,COMPLETE,
admin,/ops,app/(protected)/ops/page.tsx,,page,api.POST,/ops/healthcheck:run,/ops/healthcheck:run,runHealthcheck,/ops/healthcheck:run,POST,UNKNOWN,UNKNOWN,UNKNOWN,not_required,required,True,INTERNAL_SYSTEM,COMPLETE,
admin,/ops/schedules,app/(protected)/ops/schedules/page.tsx,,page,api.GET,/ops/schedules,/ops/schedules,listOpsSchedules,/ops/schedules,GET,ops.controller.ts,ops.service.ts,OPS_RUN_BACKUP,required,not_required,True,MVP_ACTIVE,COMPLETE,
admin,/ops/schedules,app/(protected)/ops/schedules/page.tsx,,page,api.GET,/ops/storage-targets,/ops/storage-targets,listOpsStorageTargets,/ops/storage-targets,GET,ops.controller.ts,ops.service.ts,OPS_CONFIGURE_SCHEDULES,required,not_required,True,MVP_ACTIVE,COMPLETE,
admin,/ops/schedules,app/(protected)/ops/schedules/page.tsx,,page,api.POST,/ops/schedules/{id}:toggle,/ops/schedules/{param}:toggle,toggleOpsSchedule,/ops/schedules/{id}:toggle,POST,UNKNOWN,UNKNOWN,UNKNOWN,required,required,True,MVP_ACTIVE,COMPLETE,
admin,/ops/schedules,app/(protected)/ops/schedules/page.tsx,,page,api.POST,/ops/schedules:create,/ops/schedules:create,createOpsSchedule,/ops/schedules:create,POST,UNKNOWN,UNKNOWN,UNKNOWN,required,required,True,MVP_ACTIVE,COMPLETE,
admin,/ops/storage,app/(protected)/ops/storage/page.tsx,,page,api.GET,/ops/storage-targets,/ops/storage-targets,listOpsStorageTargets,/ops/storage-targets,GET,ops.controller.ts,ops.service.ts,OPS_CONFIGURE_SCHEDULES,required,not_required,True,MVP_ACTIVE,COMPLETE,
admin,/ops/storage,app/(protected)/ops/storage/page.tsx,,page,api.POST,/ops/storage-targets:create,/ops/storage-targets:create,createOpsStorageTarget,/ops/storage-targets:create,POST,UNKNOWN,UNKNOWN,UNKNOWN,required,required,True,MVP_ACTIVE,COMPLETE,
admin,/ops/storage,app/(protected)/ops/storage/page.tsx,,page,api.POST,/ops/storage-targets/{id}:test,/ops/storage-targets/{param}:test,testOpsStorageTarget,/ops/storage-targets/{id}:test,POST,UNKNOWN,UNKNOWN,UNKNOWN,required,required,True,MVP_ACTIVE,COMPLETE,
admin,/ops/storage,app/(protected)/ops/storage/page.tsx,,page,api.POST,/ops/storage-targets/{id}:toggle,/ops/storage-targets/{param}:toggle,toggleOpsStorageTarget,/ops/storage-targets/{id}:toggle,POST,UNKNOWN,UNKNOWN,UNKNOWN,required,required,True,MVP_ACTIVE,COMPLETE,
admin,/ops/backups,app/(protected)/ops/backups/page.tsx,,page,api.GET,/ops/runs,/ops/runs,listOpsRuns,/ops/runs,GET,ops.controller.ts,ops.service.ts,OPS_VIEW,required,not_required,True,MVP_ACTIVE,COMPLETE,
admin,/ops/backups/new,app/(protected)/ops/backups/new/page.tsx,,page,api.GET,/ops/storage-targets,/ops/storage-targets,listOpsStorageTargets,/ops/storage-targets,GET,ops.controller.ts,ops.service.ts,OPS_CONFIGURE_SCHEDULES,required,not_required,True,MVP_ACTIVE,COMPLETE,
admin,/ops/backups/new,app/(protected)/ops/backups/new/page.tsx,,page,api.POST,/ops/backups/full:run,/ops/backups/full:run,runFullBackup,/ops/backups/full:run,POST,UNKNOWN,UNKNOWN,UNKNOWN,required,required,True,MVP_ACTIVE,COMPLETE,
admin,/ops/tenants,app/(protected)/ops/tenants/page.tsx,,page,api.GET,/ops/runs,/ops/runs,listOpsRuns,/ops/runs,GET,ops.controller.ts,ops.service.ts,OPS_VIEW,required,not_required,True,MVP_ACTIVE,COMPLETE,
admin,/ops/tenants,app/(protected)/ops/tenants/page.tsx,,page,api.POST,/ops/backups/tenant:export,/ops/backups/tenant:export,runTenantExport,/ops/backups/tenant:export,POST,UNKNOWN,UNKNOWN,UNKNOWN,required,required,True,MVP_ACTIVE,COMPLETE,
admin,/ops/restore,app/(protected)/ops/restore/page.tsx,,page,api.GET,/ops/runs,/ops/runs,listOpsRuns,/ops/runs,GET,ops.controller.ts,ops.service.ts,OPS_VIEW,required,not_required,True,MVP_ACTIVE,COMPLETE,
admin,/ops/restore,app/(protected)/ops/restore/page.tsx,,page,api.POST,/ops/restores/full:dryRun,/ops/restores/full:dryRun,runRestoreFullDryRun,/ops/restores/full:dryRun,POST,UNKNOWN,UNKNOWN,UNKNOWN,required,required,True,MVP_ACTIVE,COMPLETE,
admin,/ops/restore,app/(protected)/ops/restore/page.tsx,,page,api.GET,/ops/runs/{id},/ops/runs/{param},getOpsRun,/ops/runs/{id},GET,ops.controller.ts,ops.service.ts,OPS_VIEW,required,not_required,True,MVP_ACTIVE,COMPLETE,
admin,/ops/restore,app/(protected)/ops/restore/page.tsx,,page,api.POST,/ops/restores/full:run,/ops/restores/full:run,runRestoreFull,/ops/restores/full:run,POST,UNKNOWN,UNKNOWN,UNKNOWN,required,required,True,MVP_ACTIVE,COMPLETE,
admin,/ops/logs,app/(protected)/ops/logs/page.tsx,,page,api.GET,/ops/runs,/ops/runs,listOpsRuns,/ops/runs,GET,ops.controller.ts,ops.service.ts,OPS_VIEW,required,not_required,True,MVP_ACTIVE,COMPLETE,
admin,/ops/logs,app/(protected)/ops/logs/page.tsx,,page,api.GET,/ops/runs/{id}/logs,/ops/runs/{param}/logs,getOpsRunLogs,/ops/runs/{id}/logs,GET,ops.controller.ts,ops.service.ts,OPS_VIEW,required,not_required,True,MVP_ACTIVE,COMPLETE,
admin,/ops/logs,app/(protected)/ops/logs/page.tsx,,page,api.GET,/ops/runs/{id},/ops/runs/{param},getOpsRun,/ops/runs/{id},GET,ops.controller.ts,ops.service.ts,OPS_VIEW,required,not_required,True,MVP_ACTIVE,COMPLETE,
admin,/templates,app/(protected)/templates/page.tsx,,page,api.GET,/admin/templates,/admin/templates,listPrintTemplates,/admin/templates,GET,templates.controller.ts,templates.service.ts,TEMPLATES_WRITE,required,not_required,True,MVP_ACTIVE,COMPLETE,
admin,/templates,app/(protected)/templates/page.tsx,,page,api.POST,/admin/templates/{templateId}/activate,/admin/templates/{param}/activate,activatePrintTemplate,/admin/templates/{templateId}/activate,POST,templates.controller.ts,templates.service.ts,TEMPLATES_WRITE,required,required,True,MVP_ACTIVE,COMPLETE,
admin,/templates,app/(protected)/templates/page.tsx,,page,api.POST,/admin/templates/{templateId}/archive,/admin/templates/{param}/archive,archivePrintTemplate,/admin/templates/{templateId}/archive,POST,templates.controller.ts,templates.service.ts,TEMPLATES_WRITE,required,required,True,MVP_ACTIVE,COMPLETE,
admin,/templates,app/(protected)/templates/page.tsx,,page,api.POST,/admin/template-blueprints/provision-defaults,/admin/template-blueprints/provision-defaults,provisionDefaultTemplates,/admin/template-blueprints/provision-defaults,POST,UNKNOWN,UNKNOWN,UNKNOWN,required,required,True,MVP_ACTIVE,COMPLETE,
admin,/templates/[id],app/(protected)/templates/[id]/page.tsx,,page,api.GET,/admin/templates/{templateId},/admin/templates/{param},getPrintTemplate,/admin/templates/{templateId},GET,templates.controller.ts,templates.service.ts,TEMPLATES_WRITE,required,not_required,True,MVP_ACTIVE,COMPLETE,
admin,/templates/[id],app/(protected)/templates/[id]/page.tsx,,page,api.PATCH,/admin/templates/{templateId},/admin/templates/{param},updatePrintTemplate,/admin/templates/{templateId},PATCH,templates.controller.ts,templates.service.ts,TEMPLATES_READ,required,required,True,MVP_ACTIVE,COMPLETE,
admin,/templates/[id],app/(protected)/templates/[id]/page.tsx,,page,api.POST,/admin/templates/{templateId}/activate,/admin/templates/{param}/activate,activatePrintTemplate,/admin/templates/{templateId}/activate,POST,templates.controller.ts,templates.service.ts,TEMPLATES_WRITE,required,required,True,MVP_ACTIVE,COMPLETE,
admin,/templates/[id],app/(protected)/templates/[id]/page.tsx,,page,api.POST,/admin/templates/{templateId}/archive,/admin/templates/{param}/archive,archivePrintTemplate,/admin/templates/{templateId}/archive,POST,templates.controller.ts,templates.service.ts,TEMPLATES_WRITE,required,required,True,MVP_ACTIVE,COMPLETE,
admin,/templates/[id],app/(protected)/templates/[id]/page.tsx,,page,api.POST,/admin/templates/{templateId}/new-version,/admin/templates/{param}/new-version,createTemplateNewVersion,/admin/templates/{templateId}/new-version,POST,templates.controller.ts,templates.service.ts,TEMPLATES_WRITE,required,required,True,MVP_ACTIVE,COMPLETE,
admin,/templates/[id]/preview,app/(protected)/templates/[id]/preview/page.tsx,,page,api.POST,/admin/templates/{templateId}/preview,/admin/templates/{param}/preview,previewPrintTemplate,/admin/templates/{templateId}/preview,POST,templates.controller.ts,templates.service.ts,TEMPLATES_WRITE,required,required,True,MVP_ACTIVE,COMPLETE,
admin,/templates/new,app/(protected)/templates/new/page.tsx,,page,api.GET,/admin/template-blueprints,/admin/template-blueprints,listTemplateBlueprints,/admin/template-blueprints,GET,UNKNOWN,UNKNOWN,UNKNOWN,required,not_required,True,MVP_ACTIVE,COMPLETE,
admin,/templates/new,app/(protected)/templates/new/page.tsx,,page,api.GET,/admin/templates,/admin/templates,listPrintTemplates,/admin/templates,GET,templates.controller.ts,templates.service.ts,TEMPLATES_WRITE,required,not_required,True,MVP_ACTIVE,COMPLETE,
admin,/templates/new,app/(protected)/templates/new/page.tsx,,page,api.POST,/admin/templates,/admin/templates,createPrintTemplate,/admin/templates,POST,templates.controller.ts,templates.service.ts,TEMPLATES_READ,required,required,True,MVP_ACTIVE,COMPLETE,
admin,/feature-flags,app/(protected)/feature-flags/page.tsx,,page,api.GET,/me,/me,getMe,/me,GET,UNKNOWN,UNKNOWN,UNKNOWN,required,not_required,True,MVP_ACTIVE,COMPLETE,
admin,/feature-flags,app/(protected)/feature-flags/page.tsx,,page,api.GET,/tenants,/tenants,listTenants,/tenants,GET,tenants.controller.ts,tenants.service.ts,,required,not_required,True,MVP_ACTIVE,COMPLETE,
admin,/feature-flags,app/(protected)/feature-flags/page.tsx,,page,api.GET,/feature-flags/definitions,/feature-flags/definitions,getFeatureFlagDefinitions,/feature-flags/definitions,GET,feature-flags.controller.ts,feature-flags.service.ts,,required,not_required,True,MVP_ACTIVE,COMPLETE,
admin,/feature-flags,app/(protected)/feature-flags/page.tsx,,page,api.GET,/tenants/{tenantId}/feature-flags,/tenants/{param}/feature-flags,getTenantFeatureFlags,/tenants/{tenantId}/feature-flags,GET,tenants.controller.ts,tenants.service.ts,BRANDING_WRITE,required,not_required,True,MVP_ACTIVE,COMPLETE,
admin,/feature-flags,app/(protected)/feature-flags/page.tsx,,page,api.PUT,/tenants/{tenantId}/feature-flags,/tenants/{param}/feature-flags,setTenantFeatureFlags,/tenants/{tenantId}/feature-flags,PUT,tenants.controller.ts,tenants.service.ts,FEATURE_FLAG_READ,required,required,True,MVP_ACTIVE,COMPLETE,
admin,/system/health,app/(protected)/system/health/page.tsx,,page,api.GET,/health,/health,getHealth,/health,GET,health.controller.ts,health.service.ts,,not_required,not_required,True,INTERNAL_SYSTEM,COMPLETE,
admin,/system/health,app/(protected)/system/health/page.tsx,,page,api.GET,/health/worker,/health/worker,getWorkerHealth,/health/worker,GET,health.controller.ts,health.service.ts,,not_required,not_required,True,INTERNAL_SYSTEM,COMPLETE,
admin,/system/health,app/(protected)/system/health/page.tsx,,page,api.GET,/health/pdf,/health/pdf,getPdfHealth,/health/pdf,GET,health.controller.ts,health.service.ts,,not_required,not_required,True,INTERNAL_SYSTEM,COMPLETE,
admin,/system/logs,app/(protected)/system/logs/page.tsx,,page,api.GET,/system-logs,/system-logs,getSystemLogs,/system-logs,GET,system-logs.controller.ts,system-logs.service.ts,,required,not_required,True,MVP_ACTIVE,COMPLETE,
admin,/patients,app/(protected)/patients/page.tsx,,page,api.GET,/patients,/patients,listPatients,/patients,GET,patients.controller.ts,patients.service.ts,,required,not_required,True,MVP_ACTIVE,COMPLETE,
admin,/users,app/(protected)/users/page.tsx,,page,api.GET,/users,/users,listUsers,/users,GET,users.controller.ts,users.service.ts,,required,not_required,True,MVP_ACTIVE,COMPLETE,
admin,/users,app/(protected)/users/page.tsx,,page,api.GET,/roles,/roles,listRoles,/roles,GET,roles.controller.ts,roles.service.ts,,required,not_required,True,MVP_ACTIVE,COMPLETE,
admin,/users,app/(protected)/users/page.tsx,,page,api.POST,/users,/users,createUser,/users,POST,users.controller.ts,users.service.ts,USER_READ,required,required,True,MVP_ACTIVE,COMPLETE,
admin,/users,app/(protected)/users/page.tsx,,page,api.PATCH,/users/{userId},/users/{param},updateUser,/users/{userId},PATCH,users.controller.ts,users.service.ts,USER_READ,required,required,True,MVP_ACTIVE,COMPLETE,
admin,/users,app/(protected)/users/page.tsx,,page,api.GET,/users/{userId}/roles,/users/{param}/roles,getUserRoles,/users/{userId}/roles,GET,users.controller.ts,users.service.ts,USER_UPDATE,required,not_required,True,MVP_ACTIVE,COMPLETE,
admin,/users,app/(protected)/users/page.tsx,,page,api.PUT,/users/{userId}/roles,/users/{param}/roles,setUserRoles,/users/{userId}/roles,PUT,users.controller.ts,users.service.ts,ROLE_READ,required,required,True,MVP_ACTIVE,COMPLETE,
admin,/encounters,app/(protected)/encounters/page.tsx,,page,api.GET,/encounters,/encounters,listEncounters,/encounters,GET,encounters.controller.ts,encounters.service.ts,,required,not_required,True,MVP_ACTIVE,COMPLETE,
admin,/documents,app/(protected)/documents/page.tsx,,page,api.GET,/documents,/documents,listDocuments,/documents,GET,documents.controller.ts,documents.service.ts,DOCUMENT_GENERATE,required,not_required,True,MVP_ACTIVE,COMPLETE,
admin,/documents,app/(protected)/documents/page.tsx,,page,api.POST,/documents/{id}:publish,/documents/{param}:publish,publishDocument,/documents/{id}:publish,POST,UNKNOWN,UNKNOWN,UNKNOWN,required,required,True,MVP_ACTIVE,COMPLETE,
admin,/roles,app/(protected)/roles/page.tsx,,page,api.GET,/roles,/roles,listRoles,/roles,GET,roles.controller.ts,roles.service.ts,,required,not_required,True,MVP_ACTIVE,COMPLETE,
admin,/roles,app/(protected)/roles/page.tsx,,page,api.GET,/roles/permissions,/roles/permissions,listPermissions,/roles/permissions,GET,roles.controller.ts,roles.service.ts,ROLE_READ,required,not_required,True,MVP_ACTIVE,COMPLETE,
admin,/roles,app/(protected)/roles/page.tsx,,page,api.POST,/roles,/roles,createRole,/roles,POST,roles.controller.ts,roles.service.ts,ROLE_READ,required,required,True,MVP_ACTIVE,COMPLETE,
admin,/roles,app/(protected)/roles/page.tsx,,page,api.PATCH,/roles/{roleId},/roles/{param},updateRole,/roles/{roleId},PATCH,roles.controller.ts,roles.service.ts,ROLE_CREATE,required,required,True,MVP_ACTIVE,COMPLETE,
admin,/roles,app/(protected)/roles/page.tsx,,page,api.DELETE,/roles/{roleId},/roles/{param},deleteRole,/roles/{roleId},DELETE,roles.controller.ts,roles.service.ts,ROLE_UPDATE,required,required,True,MVP_ACTIVE,COMPLETE,
admin,/jobs,app/(protected)/jobs/page.tsx,,page,api.GET,/jobs,/jobs,listJobs,/jobs,GET,jobs.controller.ts,jobs.service.ts,,required,not_required,True,MVP_ACTIVE,COMPLETE,
admin,/jobs,app/(protected)/jobs/page.tsx,,page,api.GET,/jobs/failed,/jobs/failed,listFailedJobs,/jobs/failed,GET,jobs.controller.ts,jobs.service.ts,JOB_READ,required,not_required,True,MVP_ACTIVE,COMPLETE,
admin,/jobs,app/(protected)/jobs/page.tsx,,page,api.GET,/catalog/import-jobs,/catalog/import-jobs,listImportJobs,/catalog/import-jobs,GET,catalog-jobs.controller.ts,catalog-jobs.service.ts,CATALOG_MANAGE,required,not_required,True,MVP_ACTIVE,COMPLETE,
admin,/jobs,app/(protected)/jobs/page.tsx,,page,api.GET,/catalog/export-jobs,/catalog/export-jobs,listExportJobs,/catalog/export-jobs,GET,catalog-jobs.controller.ts,catalog-jobs.service.ts,CATALOG_MANAGE,required,not_required,True,MVP_ACTIVE,COMPLETE,
admin,/jobs,app/(protected)/jobs/page.tsx,,page,api.GET,/documents,/documents,listDocuments,/documents,GET,documents.controller.ts,documents.service.ts,DOCUMENT_GENERATE,required,not_required,True,MVP_ACTIVE,COMPLETE,
admin,/jobs,app/(protected)/jobs/page.tsx,,page,api.POST,/jobs/${pendingRetry.id}:retry,/jobs/{param}:retry,retryJob,/jobs/{jobId}:retry,POST,UNKNOWN,UNKNOWN,UNKNOWN,required,required,True,MVP_ACTIVE,COMPLETE,
admin,/jobs,app/(protected)/jobs/page.tsx,,page,api.POST,/documents/{id}:publish,/documents/{param}:publish,publishDocument,/documents/{id}:publish,POST,UNKNOWN,UNKNOWN,UNKNOWN,required,required,True,MVP_ACTIVE,COMPLETE,
admin,app/login,app/login/page.tsx,,Login,api.POST,/auth/login,/auth/login,login,/auth/login,POST,auth.controller.ts,auth.service.ts,,not_required,required,True,MVP_ACTIVE,COMPLETE,
operator,/lims/reports,app/(protected)/lims/reports/page.tsx,,page,api.GET,/documents,/documents,listDocuments,/documents,GET,documents.controller.ts,documents.service.ts,DOCUMENT_GENERATE,required,not_required,True,MVP_ACTIVE,COMPLETE,
operator,/lims/reports,app/(protected)/lims/reports/page.tsx,,page,api.GET,/patients,/patients,listPatients,/patients,GET,patients.controller.ts,patients.service.ts,,required,not_required,True,MVP_ACTIVE,COMPLETE,
operator,/lims/reports,app/(protected)/lims/reports/page.tsx,,page,api.GET,/encounters,/encounters,listEncounters,/encounters,GET,encounters.controller.ts,encounters.service.ts,,required,not_required,True,MVP_ACTIVE,COMPLETE,
operator,/lims/reports,app/(protected)/lims/reports/page.tsx,,page,api.GET,/documents/{id}/download,/documents/{param}/download,downloadDocument,/documents/{id}/download,GET,documents.controller.ts,documents.service.ts,DOCUMENT_PUBLISH,required,not_required,True,MVP_ACTIVE,COMPLETE,
operator,/lims/verification,app/(protected)/lims/verification/page.tsx,,page,api.GET,/verification/encounters/pending,/verification/encounters/pending,getVerificationQueue,/verification/encounters/pending,GET,verification.controller.ts,verification.service.ts,,required,not_required,True,MVP_ACTIVE,COMPLETE,
operator,/lims/verification,app/(protected)/lims/verification/page.tsx,,page,api.GET,/verification/encounters/{encounterId},/verification/encounters/{param},getVerificationEncounterDetail,/verification/encounters/{encounterId},GET,verification.controller.ts,verification.service.ts,RESULT_VERIFY,required,not_required,True,MVP_ACTIVE,COMPLETE,
operator,/lims/verification,app/(protected)/lims/verification/page.tsx,,page,api.POST,/verification/encounters/{encounterId}:verify,/verification/encounters/{param}:verify,verifyEncounter,/verification/encounters/{encounterId}:verify,POST,UNKNOWN,UNKNOWN,UNKNOWN,required,required,True,MVP_ACTIVE,COMPLETE,
operator,/lims/verification,app/(protected)/lims/verification/page.tsx,,page,api.POST,/verification/encounters/{encounterId}:return-for-correction,/verification/encounters/{param}:return-for-correction,returnEncounterForCorrection,/verification/encounters/{encounterId}:return-for-correction,POST,UNKNOWN,UNKNOWN,UNKNOWN,required,required,True,MVP_ACTIVE,COMPLETE,
operator,/lims/verification/encounters/[encounterId],app/(protected)/lims/verification/encounters/[encounterId]/page.tsx,,page,api.GET,/verification/encounters/{encounterId},/verification/encounters/{param},getVerificationEncounterDetail,/verification/encounters/{encounterId},GET,verification.controller.ts,verification.service.ts,RESULT_VERIFY,required,not_required,True,MVP_ACTIVE,COMPLETE,
operator,/lims/verification/encounters/[encounterId],app/(protected)/lims/verification/encounters/[encounterId]/page.tsx,,page,api.GET,/verification/encounters/pending,/verification/encounters/pending,getVerificationQueue,/verification/encounters/pending,GET,verification.controller.ts,verification.service.ts,,required,not_required,True,MVP_ACTIVE,COMPLETE,
operator,/lims/verification/encounters/[encounterId],app/(protected)/lims/verification/encounters/[encounterId]/page.tsx,,page,api.GET,/documents,/documents,listDocuments,/documents,GET,documents.controller.ts,documents.service.ts,DOCUMENT_GENERATE,required,not_required,True,MVP_ACTIVE,COMPLETE,
operator,/lims/verification/encounters/[encounterId],app/(protected)/lims/verification/encounters/[encounterId]/page.tsx,,page,api.POST,/verification/encounters/{encounterId}:verify,/verification/encounters/{param}:verify,verifyEncounter,/verification/encounters/{encounterId}:verify,POST,UNKNOWN,UNKNOWN,UNKNOWN,required,required,True,MVP_ACTIVE,COMPLETE,
operator,/lims/results,app/(protected)/lims/results/page.tsx,,page,api.GET,/results/tests/pending,/results/tests/pending,getPendingTests,/results/tests/pending,GET,results.controller.ts,results.service.ts,,required,not_required,True,MVP_ACTIVE,COMPLETE,
operator,/lims/results,app/(protected)/lims/results/page.tsx,,page,api.GET,/results/tests/submitted,/results/tests/submitted,getSubmittedTests,/results/tests/submitted,GET,results.controller.ts,results.service.ts,RESULT_ENTER,required,not_required,True,MVP_ACTIVE,COMPLETE,
operator,/lims/results,app/(protected)/lims/results/page.tsx,,page,api.POST,/results/tests/{orderedTestId}:submit,/results/tests/{param}:submit,submitTestResults,/results/tests/{orderedTestId}:submit,POST,UNKNOWN,UNKNOWN,UNKNOWN,required,required,True,MVP_ACTIVE,COMPLETE,
operator,/lims/results/[orderedTestId],app/(protected)/lims/results/[orderedTestId]/page.tsx,,page,api.GET,/results/tests/{orderedTestId},/results/tests/{param},getOrderedTestDetail,/results/tests/{orderedTestId},GET,results.controller.ts,results.service.ts,RESULT_ENTER,required,not_required,True,MVP_ACTIVE,COMPLETE,
operator,/lims/results/[orderedTestId],app/(protected)/lims/results/[orderedTestId]/page.tsx,,page,api.POST,/results/tests/{orderedTestId}:save,/results/tests/{param}:save,saveTestResults,/results/tests/{orderedTestId}:save,POST,UNKNOWN,UNKNOWN,UNKNOWN,required,required,True,MVP_ACTIVE,COMPLETE,
operator,/lims/results/[orderedTestId],app/(protected)/lims/results/[orderedTestId]/page.tsx,,page,api.GET,/results/tests/pending,/results/tests/pending,getPendingTests,/results/tests/pending,GET,results.controller.ts,results.service.ts,,required,not_required,True,MVP_ACTIVE,COMPLETE,
operator,/lims/results/[orderedTestId],app/(protected)/lims/results/[orderedTestId]/page.tsx,,page,api.POST,/results/tests/{orderedTestId}:submit,/results/tests/{param}:submit,submitTestResults,/results/tests/{orderedTestId}:submit,POST,UNKNOWN,UNKNOWN,UNKNOWN,required,required,True,MVP_ACTIVE,COMPLETE,
operator,/lims/results/encounters/[encounterId],app/(protected)/lims/results/encounters/[encounterId]/page.tsx,,page,api.GET,/results/tests/pending,/results/tests/pending,getPendingTests,/results/tests/pending,GET,results.controller.ts,results.service.ts,,required,not_required,True,MVP_ACTIVE,COMPLETE,
operator,/lims/results/encounters/[encounterId],app/(protected)/lims/results/encounters/[encounterId]/page.tsx,,page,api.GET,/results/tests/submitted,/results/tests/submitted,getSubmittedTests,/results/tests/submitted,GET,results.controller.ts,results.service.ts,RESULT_ENTER,required,not_required,True,MVP_ACTIVE,COMPLETE,
operator,/lims/results/encounters/[encounterId],app/(protected)/lims/results/encounters/[encounterId]/page.tsx,,page,api.GET,/results/tests/{orderedTestId},/results/tests/{param},getOrderedTestDetail,/results/tests/{orderedTestId},GET,results.controller.ts,results.service.ts,RESULT_ENTER,required,not_required,True,MVP_ACTIVE,COMPLETE,
operator,/lims/results/encounters/[encounterId],app/(protected)/lims/results/encounters/[encounterId]/page.tsx,,page,api.POST,/results/tests/{orderedTestId}:save,/results/tests/{param}:save,saveTestResults,/results/tests/{orderedTestId}:save,POST,UNKNOWN,UNKNOWN,UNKNOWN,required,required,True,MVP_ACTIVE,COMPLETE,
operator,/lims/results/encounters/[encounterId],app/(protected)/lims/results/encounters/[encounterId]/page.tsx,,page,api.POST,/results/tests/{orderedTestId}:submit,/results/tests/{param}:submit,submitTestResults,/results/tests/{orderedTestId}:submit,POST,UNKNOWN,UNKNOWN,UNKNOWN,required,required,True,MVP_ACTIVE,COMPLETE,
operator,/lims/sample-collection,app/(protected)/lims/sample-collection/page.tsx,,page,api.GET,/sample-collection/worklist,/sample-collection/worklist,getSampleCollectionWorklist,/sample-collection/worklist,GET,UNKNOWN,UNKNOWN,UNKNOWN,required,not_required,True,MVP_ACTIVE,COMPLETE,
operator,/lims/sample-collection,app/(protected)/lims/sample-collection/page.tsx,,page,api.POST,/encounters/{encounterId}:collect-specimens,/encounters/{param}:collect-specimens,collectSpecimens,/encounters/{encounterId}:collect-specimens,POST,UNKNOWN,UNKNOWN,UNKNOWN,required,required,True,MVP_ACTIVE,COMPLETE,
operator,/lims/sample-collection,app/(protected)/lims/sample-collection/page.tsx,,page,api.POST,/encounters/{encounterId}:postpone-specimen,/encounters/{param}:postpone-specimen,postponeSpecimen,/encounters/{encounterId}:postpone-specimen,POST,UNKNOWN,UNKNOWN,UNKNOWN,required,required,True,MVP_ACTIVE,COMPLETE,
operator,/lims/sample-collection,app/(protected)/lims/sample-collection/page.tsx,,page,api.POST,/encounters/{encounterId}:receive-specimens,/encounters/{param}:receive-specimens,receiveSpecimens,/encounters/{encounterId}:receive-specimens,POST,UNKNOWN,UNKNOWN,UNKNOWN,required,required,True,MVP_ACTIVE,COMPLETE,
operator,/lims/worklist,app/(protected)/lims/worklist/page.tsx,,page,api.GET,/results/tests/pending,/results/tests/pending,getPendingTests,/results/tests/pending,GET,results.controller.ts,results.service.ts,,required,not_required,True,MVP_ACTIVE,COMPLETE,
operator,/lims/worklist,app/(protected)/lims/worklist/page.tsx,,page,api.GET,/verification/encounters/pending,/verification/encounters/pending,getVerificationQueue,/verification/encounters/pending,GET,verification.controller.ts,verification.service.ts,,required,not_required,True,MVP_ACTIVE,COMPLETE,
operator,/lims/worklist,app/(protected)/lims/worklist/page.tsx,,page,api.GET,/documents,/documents,listDocuments,/documents,GET,documents.controller.ts,documents.service.ts,DOCUMENT_GENERATE,required,not_required,True,MVP_ACTIVE,COMPLETE,
operator,/lims/worklist,app/(protected)/lims/worklist/page.tsx,,page,api.GET,/encounters,/encounters,listEncounters,/encounters,GET,encounters.controller.ts,encounters.service.ts,,required,not_required,True,MVP_ACTIVE,COMPLETE,
operator,/lims/payments,app/(protected)/lims/payments/page.tsx,,page,api.GET,/encounters,/encounters,listEncounters,/encounters,GET,encounters.controller.ts,encounters.service.ts,,required,not_required,True,MVP_ACTIVE,COMPLETE,
operator,/lims/payments,app/(protected)/lims/payments/page.tsx,,page,api.GET,/encounters/{encounterId}/financials,/encounters/{param}/financials,getEncounterFinancials,/encounters/{encounterId}/financials,GET,encounters.controller.ts,encounters.service.ts,ENCOUNTER_MANAGE,required,not_required,True,MVP_ACTIVE,COMPLETE,
operator,/lims/payments,app/(protected)/lims/payments/page.tsx,,page,api.POST,/encounters/{encounterId}:collect-due,/encounters/{param}:collect-due,collectDue,/encounters/{encounterId}:collect-due,POST,UNKNOWN,UNKNOWN,UNKNOWN,required,required,True,MVP_ACTIVE,COMPLETE,
operator,/lims/payments,app/(protected)/lims/payments/page.tsx,,page,api.POST,/encounters/{encounterId}:apply-discount,/encounters/{param}:apply-discount,applyDiscount,/encounters/{encounterId}:apply-discount,POST,UNKNOWN,UNKNOWN,UNKNOWN,required,required,True,MVP_ACTIVE,COMPLETE,
operator,/lims/payments,app/(protected)/lims/payments/page.tsx,,page,api.POST,/encounters/{encounterId}:cancel,/encounters/{param}:cancel,cancelEncounter,/encounters/{encounterId}:cancel,POST,UNKNOWN,UNKNOWN,UNKNOWN,required,required,True,MVP_ACTIVE,COMPLETE,
operator,/lims/registrations/new,app/(protected)/lims/registrations/new/page.tsx,,page,api.GET,/patients,/patients,listPatients,/patients,GET,patients.controller.ts,patients.service.ts,,required,not_required,True,MVP_ACTIVE,COMPLETE,
operator,/lims/registrations/new,app/(protected)/lims/registrations/new/page.tsx,,page,api.GET,/operator/catalog/tests/top,/operator/catalog/tests/top,operatorCatalogTestsTop,/operator/catalog/tests/top,GET,catalog-operator.controller.ts,catalog-operator.service.ts,CATALOG_READ,required,not_required,True,MVP_ACTIVE,COMPLETE,
operator,/lims/registrations/new,app/(protected)/lims/registrations/new/page.tsx,,page,api.GET,/operator/catalog/tests/search,/operator/catalog/tests/search,operatorCatalogTestsSearch,/operator/catalog/tests/search,GET,catalog-operator.controller.ts,catalog-operator.service.ts,,required,not_required,True,MVP_ACTIVE,COMPLETE,
operator,/lims/registrations/new,app/(protected)/lims/registrations/new/page.tsx,,page,api.PATCH,/patients/{patientId},/patients/{param},updatePatient,/patients/{patientId},PATCH,patients.controller.ts,patients.service.ts,PATIENT_MANAGE,required,required,True,MVP_ACTIVE,COMPLETE,
operator,/lims/registrations/new,app/(protected)/lims/registrations/new/page.tsx,,page,api.POST,/patients,/patients,createPatient,/patients,POST,patients.controller.ts,patients.service.ts,PATIENT_MANAGE,required,required,True,MVP_ACTIVE,COMPLETE,
operator,/lims/registrations/new,app/(protected)/lims/registrations/new/page.tsx,,page,api.POST,/encounters,/encounters,createEncounter,/encounters,POST,encounters.controller.ts,encounters.service.ts,ENCOUNTER_MANAGE,required,required,True,MVP_ACTIVE,COMPLETE,
operator,/lims/registrations/new,app/(protected)/lims/registrations/new/page.tsx,,page,api.POST,/encounters/{encounterId}:order-lab,/encounters/{param}:order-lab,orderLab,/encounters/{encounterId}:order-lab,POST,UNKNOWN,UNKNOWN,UNKNOWN,required,required,True,MVP_ACTIVE,COMPLETE,
operator,/lims/registrations/new,app/(protected)/lims/registrations/new/page.tsx,,page,api.POST,/documents/receipt:generate,/documents/receipt:generate,generateReceipt,/documents/receipt:generate,POST,UNKNOWN,UNKNOWN,UNKNOWN,required,required,True,MVP_ACTIVE,COMPLETE,
operator,/lims/registrations/new,app/(protected)/lims/registrations/new/page.tsx,,page,api.GET,/documents,/documents,listDocuments,/documents,GET,documents.controller.ts,documents.service.ts,DOCUMENT_GENERATE,required,not_required,True,MVP_ACTIVE,COMPLETE,
operator,/lims/patients,app/(protected)/lims/patients/page.tsx,,page,api.GET,/patients,/patients,listPatients,/patients,GET,patients.controller.ts,patients.service.ts,,required,not_required,True,MVP_ACTIVE,COMPLETE,
operator,/lims/patients/new,app/(protected)/lims/patients/new/page.tsx,,page,api.POST,/patients,/patients,createPatient,/patients,POST,patients.controller.ts,patients.service.ts,PATIENT_MANAGE,required,required,True,MVP_ACTIVE,COMPLETE,
operator,/lims/print/[id],app/(protected)/lims/print/[id]/page.tsx,,page,api.GET,/documents/{id}/download,/documents/{param}/download,downloadDocument,/documents/{id}/download,GET,documents.controller.ts,documents.service.ts,DOCUMENT_PUBLISH,required,not_required,True,MVP_ACTIVE,COMPLETE,
operator,/lims/print/[id],app/(protected)/lims/print/[id]/page.tsx,,page,api.GET,/documents/{id}/render,/documents/{param}/render,renderDocument,/documents/{id}/render,GET,documents.controller.ts,documents.service.ts,DOCUMENT_GENERATE,required,not_required,True,MVP_ACTIVE,COMPLETE,
operator,/lims/encounters,app/(protected)/lims/encounters/page.tsx,,page,api.GET,/encounters,/encounters,listEncounters,/encounters,GET,encounters.controller.ts,encounters.service.ts,,required,not_required,True,MVP_ACTIVE,COMPLETE,
operator,/lims/encounters/[id],app/(protected)/lims/encounters/[id]/page.tsx,,page,api.GET,/encounters/{encounterId},/encounters/{param},getEncounter,/encounters/{encounterId},GET,encounters.controller.ts,encounters.service.ts,ENCOUNTER_MANAGE,required,not_required,True,MVP_ACTIVE,COMPLETE,
operator,/lims/encounters/[id],app/(protected)/lims/encounters/[id]/page.tsx,,page,api.GET,/documents,/documents,listDocuments,/documents,GET,documents.controller.ts,documents.service.ts,DOCUMENT_GENERATE,required,not_required,True,MVP_ACTIVE,COMPLETE,
operator,/lims/encounters/[id],app/(protected)/lims/encounters/[id]/page.tsx,,page,api.POST,/encounters/{encounterId}:cancel,/encounters/{param}:cancel,cancelEncounter,/encounters/{encounterId}:cancel,POST,UNKNOWN,UNKNOWN,UNKNOWN,required,required,True,MVP_ACTIVE,COMPLETE,
operator,/lims/encounters/[id]/receive,app/(protected)/lims/encounters/[id]/receive/page.tsx,,page,api.GET,/encounters/{encounterId},/encounters/{param},getEncounter,/encounters/{encounterId},GET,encounters.controller.ts,encounters.service.ts,ENCOUNTER_MANAGE,required,not_required,True,MVP_ACTIVE,COMPLETE,
operator,/lims/encounters/[id]/receive,app/(protected)/lims/encounters/[id]/receive/page.tsx,,page,api.POST,/encounters/{encounterId}:receive-specimen,/encounters/{param}:receive-specimen,receiveSpecimenLegacy,/encounters/{encounterId}:receive-specimen,POST,UNKNOWN,UNKNOWN,UNKNOWN,required,required,True,MVP_ACTIVE,COMPLETE,
operator,/lims/encounters/[id]/reports,app/(protected)/lims/encounters/[id]/reports/page.tsx,,page,api.GET,/encounters/{encounterId},/encounters/{param},getEncounter,/encounters/{encounterId},GET,encounters.controller.ts,encounters.service.ts,ENCOUNTER_MANAGE,required,not_required,True,MVP_ACTIVE,COMPLETE,
operator,/lims/encounters/[id]/reports,app/(protected)/lims/encounters/[id]/reports/page.tsx,,page,api.GET,/documents,/documents,listDocuments,/documents,GET,documents.controller.ts,documents.service.ts,DOCUMENT_GENERATE,required,not_required,True,MVP_ACTIVE,COMPLETE,
operator,/lims/encounters/[id]/publish,app/(protected)/lims/encounters/[id]/publish/page.tsx,,page,api.GET,/documents,/documents,listDocuments,/documents,GET,documents.controller.ts,documents.service.ts,DOCUMENT_GENERATE,required,not_required,True,MVP_ACTIVE,COMPLETE,
operator,/lims/encounters/[id]/publish,app/(protected)/lims/encounters/[id]/publish/page.tsx,,page,api.GET,/encounters/{encounterId},/encounters/{param},getEncounter,/encounters/{encounterId},GET,encounters.controller.ts,encounters.service.ts,ENCOUNTER_MANAGE,required,not_required,True,MVP_ACTIVE,COMPLETE,
operator,/lims/encounters/[id]/publish,app/(protected)/lims/encounters/[id]/publish/page.tsx,,page,api.POST,/encounters/{encounterId}:publish-report,/encounters/{param}:publish-report,publishEncounterReport,/encounters/{encounterId}:publish-report,POST,UNKNOWN,UNKNOWN,UNKNOWN,required,required,True,MVP_ACTIVE,COMPLETE,
operator,/lims/encounters/[id]/sample,app/(protected)/lims/encounters/[id]/sample/page.tsx,,page,api.GET,/encounters/{encounterId},/encounters/{param},getEncounter,/encounters/{encounterId},GET,encounters.controller.ts,encounters.service.ts,ENCOUNTER_MANAGE,required,not_required,True,MVP_ACTIVE,COMPLETE,
operator,/lims/encounters/[id]/sample,app/(protected)/lims/encounters/[id]/sample/page.tsx,,page,api.POST,/encounters/{encounterId}:collect-specimen,/encounters/{param}:collect-specimen,collectSpecimen,/encounters/{encounterId}:collect-specimen,POST,UNKNOWN,UNKNOWN,UNKNOWN,required,required,True,MVP_ACTIVE,COMPLETE,
operator,/lims/encounters/[id]/sample,app/(protected)/lims/encounters/[id]/sample/page.tsx,,page,api.POST,/encounters/{encounterId}:receive-specimen,/encounters/{param}:receive-specimen,receiveSpecimenLegacy,/encounters/{encounterId}:receive-specimen,POST,UNKNOWN,UNKNOWN,UNKNOWN,required,required,True,MVP_ACTIVE,COMPLETE,
operator,/lims/encounters/[id]/results,app/(protected)/lims/encounters/[id]/results/page.tsx,,page,api.GET,/encounters/{encounterId},/encounters/{param},getEncounter,/encounters/{encounterId},GET,encounters.controller.ts,encounters.service.ts,ENCOUNTER_MANAGE,required,not_required,True,MVP_ACTIVE,COMPLETE,
operator,/lims/encounters/[id]/results,app/(protected)/lims/encounters/[id]/results/page.tsx,,page,api.POST,/encounters/{encounterId}:result,/encounters/{param}:result,enterResult,/encounters/{encounterId}:result,POST,UNKNOWN,UNKNOWN,UNKNOWN,required,required,True,MVP_ACTIVE,COMPLETE,
operator,/lims/encounters/[id]/verify,app/(protected)/lims/encounters/[id]/verify/page.tsx,,page,api.GET,/encounters/{encounterId},/encounters/{param},getEncounter,/encounters/{encounterId},GET,encounters.controller.ts,encounters.service.ts,ENCOUNTER_MANAGE,required,not_required,True,MVP_ACTIVE,COMPLETE,
operator,/lims/encounters/[id]/verify,app/(protected)/lims/encounters/[id]/verify/page.tsx,,page,api.POST,/encounters/{encounterId}:verify,/encounters/{param}:verify,verifyEncounterLegacy,/encounters/{encounterId}:verify,POST,UNKNOWN,UNKNOWN,UNKNOWN,required,required,True,MVP_ACTIVE,COMPLETE,
operator,/lims/encounters/[id]/order,app/(protected)/lims/encounters/[id]/order/page.tsx,,page,api.GET,/encounters/{encounterId},/encounters/{param},getEncounter,/encounters/{encounterId},GET,encounters.controller.ts,encounters.service.ts,ENCOUNTER_MANAGE,required,not_required,True,MVP_ACTIVE,COMPLETE,
operator,/lims/encounters/[id]/order,app/(protected)/lims/encounters/[id]/order/page.tsx,,page,api.GET,/catalog/tests,/catalog/tests,listCatalogTests,/catalog/tests,GET,catalog.controller.ts,catalog.service.ts,CATALOG_MANAGE,required,not_required,True,MVP_ACTIVE,COMPLETE,
operator,/lims/encounters/[id]/order,app/(protected)/lims/encounters/[id]/order/page.tsx,,page,api.POST,/encounters/{encounterId}:order-lab,/encounters/{param}:order-lab,orderLab,/encounters/{encounterId}:order-lab,POST,UNKNOWN,UNKNOWN,UNKNOWN,required,required,True,MVP_ACTIVE,COMPLETE,
operator,/lims/encounters/new,app/(protected)/lims/encounters/new/page.tsx,,page,api.GET,/patients,/patients,listPatients,/patients,GET,patients.controller.ts,patients.service.ts,,required,not_required,True,MVP_ACTIVE,COMPLETE,
operator,/lims/encounters/new,app/(protected)/lims/encounters/new/page.tsx,,page,api.POST,/encounters,/encounters,createEncounter,/encounters,POST,encounters.controller.ts,encounters.service.ts,ENCOUNTER_MANAGE,required,required,True,MVP_ACTIVE,COMPLETE,
operator,/account,app/(protected)/account/page.tsx,,page,api.GET,/account/me,/account/me,getMyAccountProfile,/account/me,GET,UNKNOWN,UNKNOWN,UNKNOWN,required,not_required,True,MVP_ACTIVE,COMPLETE,
operator,/account,app/(protected)/account/page.tsx,,page,api.GET,/admin/navigation,/admin/navigation,getAdminNavigationSummary,/admin/navigation,GET,UNKNOWN,UNKNOWN,UNKNOWN,required,not_required,True,MVP_ACTIVE,COMPLETE,
operator,/account,app/(protected)/account/page.tsx,,page,api.PATCH,/account/me,/account/me,updateMyAccountProfile,/account/me,PATCH,UNKNOWN,UNKNOWN,UNKNOWN,required,required,True,MVP_ACTIVE,COMPLETE,
operator,/account,app/(protected)/account/page.tsx,,page,api.POST,/account/change-password,/account/change-password,changeMyAccountPassword,/account/change-password,POST,UNKNOWN,UNKNOWN,UNKNOWN,required,required,True,MVP_ACTIVE,COMPLETE,
operator,/opd/worklist,app/(protected)/opd/worklist/page.tsx,,page,api.GET,/opd/appointments,/opd/appointments,listOpdAppointments,/opd/appointments,GET,appointments.controller.ts,appointments.service.ts,,required,not_required,True,FUTURE_NON_MVP,COMPLETE,
operator,/opd/worklist,app/(protected)/opd/worklist/page.tsx,,page,api.GET,/opd/visits,/opd/visits,listOpdVisits,/opd/visits,GET,appointments.controller.ts,appointments.service.ts,ENCOUNTER_MANAGE,required,not_required,True,FUTURE_NON_MVP,COMPLETE,
operator,/opd/billing,app/(protected)/opd/billing/page.tsx,,page,api.GET,/opd/billing/invoices,/opd/billing/invoices,listOpdInvoices,/opd/billing/invoices,GET,billing.controller.ts,billing.service.ts,,required,not_required,True,FUTURE_NON_MVP,COMPLETE,
operator,/opd/billing/invoices/[invoiceId],app/(protected)/opd/billing/invoices/[invoiceId]/page.tsx,,page,api.GET,/opd/billing/invoices/{invoiceId},/opd/billing/invoices/{param},getOpdInvoice,/opd/billing/invoices/{invoiceId},GET,billing.controller.ts,billing.service.ts,ENCOUNTER_MANAGE,required,not_required,True,FUTURE_NON_MVP,COMPLETE,
operator,/opd/billing/invoices/[invoiceId],app/(protected)/opd/billing/invoices/[invoiceId]/page.tsx,,page,api.GET,/opd/billing/invoices/{invoiceId}/payments,/opd/billing/invoices/{param}/payments,listOpdInvoicePayments,/opd/billing/invoices/{invoiceId}/payments,GET,billing.controller.ts,billing.service.ts,ENCOUNTER_MANAGE,required,not_required,True,FUTURE_NON_MVP,COMPLETE,
operator,/opd/billing/invoices/[invoiceId],app/(protected)/opd/billing/invoices/[invoiceId]/page.tsx,,page,api.POST,/opd/billing/invoices/{invoiceId}/payments,/opd/billing/invoices/{invoiceId}/payments,UNKNOWN,UNKNOWN,POST,UNKNOWN,UNKNOWN,UNKNOWN,required,required,True,MVP_ACTIVE,BROKEN,
operator,/opd/billing/new,app/(protected)/opd/billing/new/page.tsx,,page,api.POST,/opd/billing/invoices,/opd/billing/invoices,createOpdInvoice,/opd/billing/invoices,POST,billing.controller.ts,billing.service.ts,ENCOUNTER_MANAGE,required,required,True,FUTURE_NON_MVP,COMPLETE,
operator,/opd/appointments/[id],app/(protected)/opd/appointments/[id]/page.tsx,,page,api.GET,/opd/appointments/{appointmentId},/opd/appointments/{param},getOpdAppointment,/opd/appointments/{appointmentId},GET,appointments.controller.ts,appointments.service.ts,ENCOUNTER_MANAGE,required,not_required,True,FUTURE_NON_MVP,COMPLETE,
operator,/opd/appointments/[id],app/(protected)/opd/appointments/[id]/page.tsx,,page,api.POST,/opd/visits,/opd/visits,createOpdVisit,/opd/visits,POST,appointments.controller.ts,appointments.service.ts,ENCOUNTER_MANAGE,required,required,True,FUTURE_NON_MVP,COMPLETE,
operator,/opd/appointments/new,app/(protected)/opd/appointments/new/page.tsx,,page,api.GET,/opd/providers,/opd/providers,listOpdProviders,/opd/providers,GET,opd.controller.ts,opd.service.ts,DOCUMENT_GENERATE,required,not_required,True,FUTURE_NON_MVP,COMPLETE,
operator,/opd/appointments/new,app/(protected)/opd/appointments/new/page.tsx,,page,api.GET,/opd/providers/{providerId}/availability,/opd/providers/{param}/availability,getOpdProviderAvailability,/opd/providers/{providerId}/availability,GET,opd.controller.ts,opd.service.ts,MODULE_ADMIN,required,not_required,True,FUTURE_NON_MVP,COMPLETE,
operator,/opd/appointments/new,app/(protected)/opd/appointments/new/page.tsx,,page,api.POST,/opd/appointments,/opd/appointments,createOpdAppointment,/opd/appointments,POST,appointments.controller.ts,appointments.service.ts,ENCOUNTER_MANAGE,required,required,True,FUTURE_NON_MVP,COMPLETE,
operator,/opd/encounters,app/(protected)/opd/encounters/page.tsx,,page,api.GET,/opd/encounters,/opd/encounters,listOpdEncountersKmvp,/opd/encounters,GET,opd.controller.ts,opd.service.ts,MODULE_ADMIN,required,not_required,True,FUTURE_NON_MVP,COMPLETE,
operator,/opd/encounters/[id]/intake,app/(protected)/opd/encounters/[id]/intake/page.tsx,,page,api.GET,/opd/encounters/{encounterId},/opd/encounters/{param},getOpdEncounterKmvp,/opd/encounters/{encounterId},GET,opd.controller.ts,opd.service.ts,ENCOUNTER_MANAGE,required,not_required,True,FUTURE_NON_MVP,COMPLETE,
operator,/opd/encounters/[id]/intake,app/(protected)/opd/encounters/[id]/intake/page.tsx,,page,api.POST,/opd/commands/recordIntake,/opd/commands/recordIntake,recordOpdIntakeCommand,/opd/commands/recordIntake,POST,opd.controller.ts,opd.service.ts,ENCOUNTER_MANAGE,required,required,True,FUTURE_NON_MVP,COMPLETE,
operator,/opd/encounters/[id]/doctor,app/(protected)/opd/encounters/[id]/doctor/page.tsx,,page,api.GET,/opd/encounters/{encounterId},/opd/encounters/{param},getOpdEncounterKmvp,/opd/encounters/{encounterId},GET,opd.controller.ts,opd.service.ts,ENCOUNTER_MANAGE,required,not_required,True,FUTURE_NON_MVP,COMPLETE,
operator,/opd/encounters/[id]/doctor,app/(protected)/opd/encounters/[id]/doctor/page.tsx,,page,api.GET,/opd/encounters/{encounterId}/prescription/file,/opd/encounters/{param}/prescription/file,downloadOpdEncounterPrescriptionFile,/opd/encounters/{encounterId}/prescription/file,GET,opd.controller.ts,opd.service.ts,DOCUMENT_GENERATE,required,not_required,True,FUTURE_NON_MVP,COMPLETE,
operator,/opd/encounters/[id]/doctor,app/(protected)/opd/encounters/[id]/doctor/page.tsx,,page,api.POST,/opd/commands/publishPrescription,/opd/commands/publishPrescription,publishOpdPrescriptionCommand,/opd/commands/publishPrescription,POST,opd.controller.ts,opd.service.ts,ENCOUNTER_MANAGE,required,required,True,FUTURE_NON_MVP,COMPLETE,
operator,/opd/encounters/new,app/(protected)/opd/encounters/new/page.tsx,,page,api.GET,/opd/doctors,/opd/doctors,listOpdDoctors,/opd/doctors,GET,opd.controller.ts,opd.service.ts,,required,not_required,True,FUTURE_NON_MVP,COMPLETE,
operator,/opd/encounters/new,app/(protected)/opd/encounters/new/page.tsx,,page,api.GET,/patients,/patients,listPatients,/patients,GET,patients.controller.ts,patients.service.ts,,required,not_required,True,MVP_ACTIVE,COMPLETE,
operator,/opd/encounters/new,app/(protected)/opd/encounters/new/page.tsx,,page,api.POST,/patients,/patients,createPatient,/patients,POST,patients.controller.ts,patients.service.ts,PATIENT_MANAGE,required,required,True,MVP_ACTIVE,COMPLETE,
operator,/opd/encounters/new,app/(protected)/opd/encounters/new/page.tsx,,page,api.POST,/opd/commands/createRegistration,/opd/commands/createRegistration,createOpdRegistrationCommand,/opd/commands/createRegistration,POST,opd.controller.ts,opd.service.ts,ENCOUNTER_MANAGE,required,required,True,FUTURE_NON_MVP,COMPLETE,
operator,/opd/visits/new,app/(protected)/opd/visits/new/page.tsx,,page,api.GET,/opd/providers,/opd/providers,listOpdProviders,/opd/providers,GET,opd.controller.ts,opd.service.ts,DOCUMENT_GENERATE,required,not_required,True,FUTURE_NON_MVP,COMPLETE,
operator,/opd/visits/new,app/(protected)/opd/visits/new/page.tsx,,page,api.POST,/opd/visits,/opd/visits,createOpdVisit,/opd/visits,POST,appointments.controller.ts,appointments.service.ts,ENCOUNTER_MANAGE,required,required,True,FUTURE_NON_MVP,COMPLETE,
operator,/opd/visits/[visitId],app/(protected)/opd/visits/[visitId]/page.tsx,,page,api.GET,/opd/visits/{visitId}/vitals,/opd/visits/{param}/vitals,listOpdVisitVitals,/opd/visits/{visitId}/vitals,GET,appointments.controller.ts,appointments.service.ts,ENCOUNTER_MANAGE,required,not_required,True,FUTURE_NON_MVP,COMPLETE,
operator,/opd/visits/[visitId],app/(protected)/opd/visits/[visitId]/page.tsx,,page,api.GET,/opd/visits/{visitId}/clinical-note,/opd/visits/{param}/clinical-note,getOpdVisitClinicalNote,/opd/visits/{visitId}/clinical-note,GET,appointments.controller.ts,appointments.service.ts,ENCOUNTER_MANAGE,required,not_required,True,FUTURE_NON_MVP,COMPLETE,
operator,/opd/visits/[visitId],app/(protected)/opd/visits/[visitId]/page.tsx,,page,api.GET,/opd/visits/{visitId}/prescription,/opd/visits/{param}/prescription,getOpdVisitPrescription,/opd/visits/{visitId}/prescription,GET,appointments.controller.ts,appointments.service.ts,ENCOUNTER_MANAGE,required,not_required,True,FUTURE_NON_MVP,COMPLETE,
operator,/opd/visits/[visitId],app/(protected)/opd/visits/[visitId]/page.tsx,,page,api.GET,/opd/visits/{visitId},/opd/visits/{param},getOpdVisit,/opd/visits/{visitId},GET,appointments.controller.ts,appointments.service.ts,ENCOUNTER_MANAGE,required,not_required,True,FUTURE_NON_MVP,COMPLETE,
operator,/opd/visits/[visitId],app/(protected)/opd/visits/[visitId]/page.tsx,,page,api.PUT,/opd/visits/{visitId}/clinical-note,/opd/visits/{param}/clinical-note,upsertOpdVisitClinicalNote,/opd/visits/{visitId}/clinical-note,PUT,appointments.controller.ts,appointments.service.ts,ENCOUNTER_MANAGE,required,required,True,FUTURE_NON_MVP,COMPLETE,
operator,/opd/visits/[visitId],app/(protected)/opd/visits/[visitId]/page.tsx,,page,api.PUT,/opd/visits/{visitId}/prescription,/opd/visits/{param}/prescription,upsertOpdVisitPrescription,/opd/visits/{visitId}/prescription,PUT,appointments.controller.ts,appointments.service.ts,ENCOUNTER_MANAGE,required,required,True,FUTURE_NON_MVP,COMPLETE,
operator,/opd/providers/[providerId]/availability,app/(protected)/opd/providers/[providerId]/availability/page.tsx,,page,api.GET,/opd/providers/{providerId}/availability,/opd/providers/{param}/availability,getOpdProviderAvailability,/opd/providers/{providerId}/availability,GET,opd.controller.ts,opd.service.ts,MODULE_ADMIN,required,not_required,True,FUTURE_NON_MVP,COMPLETE,
operator,app/login,app/login/page.tsx,,Login,api.POST,/auth/login,/auth/login,login,/auth/login,POST,auth.controller.ts,auth.service.ts,,not_required,required,True,MVP_ACTIVE,COMPLETE,
operator,hooks/use-feature-flags.ts,hooks/use-feature-flags.ts,,use-feature-flags,api.GET,/feature-flags/resolved,/feature-flags/resolved,getResolvedFeatureFlags,/feature-flags/resolved,GET,feature-flags.controller.ts,feature-flags.service.ts,,required,not_required,True,MVP_ACTIVE,COMPLETE,
operator,hooks/use-document-polling.ts,hooks/use-document-polling.ts,,use-document-polling,api.GET,/documents,/documents,listDocuments,/documents,GET,documents.controller.ts,documents.service.ts,DOCUMENT_GENERATE,required,not_required,True,MVP_ACTIVE,COMPLETE,
